Old name;New name or PV needs to be Paused/Deleted
HBL-010Crm:SC-FSM-700:OpMode_Manual;HBL-010Crm:SC-FSM-700:OpMode_Forced
HBL-010Crm:SC-FSM-700:Opened;HBL-010Crm:SC-FSM-700:ON
HBL-010Crm:SC-FSM-700:Closed;HBL-010Crm:SC-FSM-700:OFF
HBL-010Crm:SC-FSM-700:VGP_1000_HI;Pause
HBL-010Crm:SC-FSM-700:VGP_1000_LO;Pause
HBL-010Crm:SC-FSM-700:VGP_2000_HI;Pause
HBL-010Crm:SC-FSM-700:VGP_2000_LO;Pause
HBL-010Crm:SC-FSM-700:VGP_3000_HI;Pause
HBL-010Crm:SC-FSM-700:VGP_3000_LO;Pause
HBL-010Crm:SC-FSM-700:VGP_4000_HI;Pause
HBL-010Crm:SC-FSM-700:VGP_4000_LO;Pause
HBL-010Crm:SC-FSM-700:IsoVacOK_lvl_VGP_HI;Pause
HBL-010Crm:SC-FSM-700:IsoVacOK_lvl_VGP_LO;Pause
HBL-010Crm:SC-FSM-700:IsoVacOK_lvl_VGC_HI;Pause
HBL-010Crm:SC-FSM-700:IsoVacOK_lvl_VGC_LO;Pause
HBL-010Crm:SC-FSM-700:CDS_Cryo_OK;Pause
HBL-010Crm:SC-FSM-701:OpMode_Manual;HBL-010Crm:SC-FSM-701:OpMode_Forced
HBL-010Crm:SC-FSM-701:Opened;HBL-010Crm:SC-FSM-701:ON
HBL-010Crm:SC-FSM-701:Closed;HBL-010Crm:SC-FSM-701:OFF
HBL-010Crm:SC-FSM-701:VGP_1000_HI;Delete
HBL-010Crm:SC-FSM-701:VGP_1000_LO;Delete
HBL-010Crm:SC-FSM-701:VGP_2000_HI;Delete
HBL-010Crm:SC-FSM-701:VGP_2000_LO;Delete
HBL-010Crm:SC-FSM-701:VGP_3000_HI;Delete
HBL-010Crm:SC-FSM-701:VGP_3000_LO;Delete
HBL-010Crm:SC-FSM-701:VGP_4000_HI;Delete
HBL-010Crm:SC-FSM-701:VGP_4000_LO;Delete
HBL-010Crm:SC-FSM-701:IsoVacOK_lvl_VGP_HI;Delete
HBL-010Crm:SC-FSM-701:IsoVacOK_lvl_VGP_LO;Delete
HBL-010Crm:SC-FSM-701:IsoVacOK_lvl_VGC_HI;Delete
HBL-010Crm:SC-FSM-701:IsoVacOK_lvl_VGC_LO;Delete
HBL-010Crm:SC-FSM-701:CDS_Cryo_OK;Delete
HBL-010Crm:SC-FSM-702:OpMode_Manual;HBL-010Crm:SC-FSM-702:OpMode_Forced
HBL-010Crm:SC-FSM-702:Opened;HBL-010Crm:SC-FSM-702:ON
HBL-010Crm:SC-FSM-702:Closed;HBL-010Crm:SC-FSM-702:OFF
HBL-010Crm:SC-FSM-702:VGP_1000_HI;Delete
HBL-010Crm:SC-FSM-702:VGP_1000_LO;Delete
HBL-010Crm:SC-FSM-702:VGP_2000_HI;Delete
HBL-010Crm:SC-FSM-702:VGP_2000_LO;Delete
HBL-010Crm:SC-FSM-702:VGP_3000_HI;Delete
HBL-010Crm:SC-FSM-702:VGP_3000_LO;Delete
HBL-010Crm:SC-FSM-702:VGP_4000_HI;Delete
HBL-010Crm:SC-FSM-702:VGP_4000_LO;Delete
HBL-010Crm:SC-FSM-702:IsoVacOK_lvl_VGP_HI;Delete
HBL-010Crm:SC-FSM-702:IsoVacOK_lvl_VGP_LO;Delete
HBL-010Crm:SC-FSM-702:IsoVacOK_lvl_VGC_HI;Delete
HBL-010Crm:SC-FSM-702:IsoVacOK_lvl_VGC_LO;Delete
HBL-010Crm:SC-FSM-702:CDS_Cryo_OK;Delete
HBL-010Crm:Cryo-EH-010:LMN;Pause
HBL-010Crm:Cryo-EH-010:LMN_P;Pause
HBL-010Crm:Cryo-EH-010:LMN_I;Pause
HBL-010Crm:Cryo-EH-010:LMN_D;Pause
HBL-010Crm:Cryo-EH-010:PID_DIF;Pause
HBL-010Crm:Cryo-EH-010:PV;Pause
HBL-010Crm:Cryo-EH-010:MAN_SP;Pause
HBL-010Crm:Cryo-EH-011:LMN;Pause
HBL-010Crm:Cryo-EH-011:LMN_P;Pause
HBL-010Crm:Cryo-EH-011:LMN_I;Pause
HBL-010Crm:Cryo-EH-011:LMN_D;Pause
HBL-010Crm:Cryo-EH-011:PID_DIF;Pause
HBL-010Crm:Cryo-EH-011:PV;Pause
HBL-010Crm:Cryo-EH-011:MAN_SP;Pause
HBL-010Crm:Cryo-EH-012:LMN;Pause
HBL-010Crm:Cryo-EH-012:LMN_P;Pause
HBL-010Crm:Cryo-EH-012:LMN_I;Pause
HBL-010Crm:Cryo-EH-012:LMN_D;Pause
HBL-010Crm:Cryo-EH-012:PID_DIF;Pause
HBL-010Crm:Cryo-EH-012:PV;Pause
HBL-010Crm:Cryo-EH-012:MAN_SP;Pause
HBL-010Crm:Cryo-EH-013:LMN;Pause
HBL-010Crm:Cryo-EH-013:LMN_P;Pause
HBL-010Crm:Cryo-EH-013:LMN_I;Pause
HBL-010Crm:Cryo-EH-013:LMN_D;Pause
HBL-010Crm:Cryo-EH-013:PID_DIF;Pause
HBL-010Crm:Cryo-EH-013:PV;Pause
HBL-010Crm:Cryo-EH-013:MAN_SP;Pause
HBL-010Crm:Cryo-EH-020:LMN;Pause
HBL-010Crm:Cryo-EH-020:LMN_P;Pause
HBL-010Crm:Cryo-EH-020:LMN_I;Pause
HBL-010Crm:Cryo-EH-020:LMN_D;Pause
HBL-010Crm:Cryo-EH-020:PID_DIF;Pause
HBL-010Crm:Cryo-EH-020:PV;Pause
HBL-010Crm:Cryo-EH-020:MAN_SP;Pause
HBL-010Crm:Cryo-EH-021:LMN;Pause
HBL-010Crm:Cryo-EH-021:LMN_P;Pause
HBL-010Crm:Cryo-EH-021:LMN_I;Pause
HBL-010Crm:Cryo-EH-021:LMN_D;Pause
HBL-010Crm:Cryo-EH-021:PID_DIF;Pause
HBL-010Crm:Cryo-EH-021:PV;Pause
HBL-010Crm:Cryo-EH-021:MAN_SP;Pause
HBL-010Crm:Cryo-EH-022:LMN;Pause
HBL-010Crm:Cryo-EH-022:LMN_P;Pause
HBL-010Crm:Cryo-EH-022:LMN_I;Pause
HBL-010Crm:Cryo-EH-022:LMN_D;Pause
HBL-010Crm:Cryo-EH-022:PID_DIF;Pause
HBL-010Crm:Cryo-EH-022:PV;Pause
HBL-010Crm:Cryo-EH-022:MAN_SP;Pause
HBL-010Crm:Cryo-EH-023:LMN;Pause
HBL-010Crm:Cryo-EH-023:LMN_P;Pause
HBL-010Crm:Cryo-EH-023:LMN_I;Pause
HBL-010Crm:Cryo-EH-023:LMN_D;Pause
HBL-010Crm:Cryo-EH-023:PID_DIF;Pause
HBL-010Crm:Cryo-EH-023:PV;Pause
HBL-010Crm:Cryo-EH-023:MAN_SP;Pause
HBL-010Crm:Cryo-EH-030:LMN;Pause
HBL-010Crm:Cryo-EH-030:LMN_P;Pause
HBL-010Crm:Cryo-EH-030:LMN_I;Pause
HBL-010Crm:Cryo-EH-030:LMN_D;Pause
HBL-010Crm:Cryo-EH-030:PID_DIF;Pause
HBL-010Crm:Cryo-EH-030:PV;Pause
HBL-010Crm:Cryo-EH-030:MAN_SP;Pause
HBL-010Crm:Cryo-EH-031:LMN;Pause
HBL-010Crm:Cryo-EH-031:LMN_P;Pause
HBL-010Crm:Cryo-EH-031:LMN_I;Pause
HBL-010Crm:Cryo-EH-031:LMN_D;Pause
HBL-010Crm:Cryo-EH-031:PID_DIF;Pause
HBL-010Crm:Cryo-EH-031:PV;Pause
HBL-010Crm:Cryo-EH-031:MAN_SP;Pause
HBL-010Crm:Cryo-EH-032:LMN;Pause
HBL-010Crm:Cryo-EH-032:LMN_P;Pause
HBL-010Crm:Cryo-EH-032:LMN_I;Pause
HBL-010Crm:Cryo-EH-032:LMN_D;Pause
HBL-010Crm:Cryo-EH-032:PID_DIF;Pause
HBL-010Crm:Cryo-EH-032:PV;Pause
HBL-010Crm:Cryo-EH-032:MAN_SP;Pause
HBL-010Crm:Cryo-EH-033:LMN;Pause
HBL-010Crm:Cryo-EH-033:LMN_P;Pause
HBL-010Crm:Cryo-EH-033:LMN_I;Pause
HBL-010Crm:Cryo-EH-033:LMN_D;Pause
HBL-010Crm:Cryo-EH-033:PID_DIF;Pause
HBL-010Crm:Cryo-EH-033:PV;Pause
HBL-010Crm:Cryo-EH-033:MAN_SP;Pause
HBL-010Crm:Cryo-EH-040:LMN;Pause
HBL-010Crm:Cryo-EH-040:LMN_P;Pause
HBL-010Crm:Cryo-EH-040:LMN_I;Pause
HBL-010Crm:Cryo-EH-040:LMN_D;Pause
HBL-010Crm:Cryo-EH-040:PID_DIF;Pause
HBL-010Crm:Cryo-EH-040:PV;Pause
HBL-010Crm:Cryo-EH-040:MAN_SP;Pause
HBL-010Crm:Cryo-EH-041:LMN;Pause
HBL-010Crm:Cryo-EH-041:LMN_P;Pause
HBL-010Crm:Cryo-EH-041:LMN_I;Pause
HBL-010Crm:Cryo-EH-041:LMN_D;Pause
HBL-010Crm:Cryo-EH-041:PID_DIF;Pause
HBL-010Crm:Cryo-EH-041:PV;Pause
HBL-010Crm:Cryo-EH-041:MAN_SP;Pause
HBL-010Crm:Cryo-EH-042:LMN;Pause
HBL-010Crm:Cryo-EH-042:LMN_P;Pause
HBL-010Crm:Cryo-EH-042:LMN_I;Pause
HBL-010Crm:Cryo-EH-042:LMN_D;Pause
HBL-010Crm:Cryo-EH-042:PID_DIF;Pause
HBL-010Crm:Cryo-EH-042:PV;Pause
HBL-010Crm:Cryo-EH-042:MAN_SP;Pause
HBL-010Crm:Cryo-EH-043:LMN;Pause
HBL-010Crm:Cryo-EH-043:LMN_P;Pause
HBL-010Crm:Cryo-EH-043:LMN_I;Pause
HBL-010Crm:Cryo-EH-043:LMN_D;Pause
HBL-010Crm:Cryo-EH-043:PID_DIF;Pause
HBL-010Crm:Cryo-EH-043:PV;Pause
HBL-010Crm:Cryo-EH-043:MAN_SP;Pause
HBL-010Crm:WtrC-FS-005:FlowTooHigh;HBL-010Crm:WtrC-FS-005:Flow_OK_RF
HBL-010Crm:WtrC-FS-005:FlowTooLow;HBL-010Crm:WtrC-FS-005:Flow_OK_WF
HBL-010Crm:WtrC-FS-006:FlowTooHigh;HBL-010Crm:WtrC-FS-006:Flow_OK_RF
HBL-010Crm:WtrC-FS-006:FlowTooLow;HBL-010Crm:WtrC-FS-006:Flow_OK_WF
HBL-010Crm:WtrC-FS-012:FlowTooHigh;HBL-010Crm:WtrC-FS-012:Flow_OK_RF
HBL-010Crm:WtrC-FS-012:FlowTooLow;HBL-010Crm:WtrC-FS-012:Flow_OK_WF
HBL-010Crm:WtrC-FS-022:FlowTooHigh;HBL-010Crm:WtrC-FS-022:Flow_OK_RF
HBL-010Crm:WtrC-FS-022:FlowTooLow;HBL-010Crm:WtrC-FS-022:Flow_OK_WF
HBL-010Crm:WtrC-FS-032:FlowTooHigh;HBL-010Crm:WtrC-FS-032:Flow_OK_RF
HBL-010Crm:WtrC-FS-032:FlowTooLow;HBL-010Crm:WtrC-FS-032:Flow_OK_WF
HBL-010Crm:WtrC-FS-042:FlowTooHigh;HBL-010Crm:WtrC-FS-042:Flow_OK_RF
HBL-010Crm:WtrC-FS-042:FlowTooLow;HBL-010Crm:WtrC-FS-042:Flow_OK_WF
HBL-010CDL:Cryo-PID-82303:SelectedPV;HBL-010CDL:SC-PID-81403:SelectedPV
HBL-010CDL:Cryo-PID-82303:LMN;HBL-010CDL:SC-PID-82303:LMN
HBL-010CDL:Cryo-PID-82303:LMN_P;HBL-010CDL:SC-PID-82303:LMN_P
HBL-010CDL:Cryo-PID-82303:LMN_I;HBL-010CDL:SC-PID-82303:LMN_I
HBL-010CDL:Cryo-PID-82303:LMN_D;HBL-010CDL:SC-PID-82303:LMN_D
HBL-010CDL:Cryo-PID-82303:PID_DIF;HBL-010CDL:SC-PID-82303:PID_DIF
HBL-010CDL:Cryo-PID-82303:PV;HBL-010CDL:SC-PID-82303:PV
HBL-010CDL:Cryo-PID-82303:MAN_SP;HBL-010CDL:SC-PID-82303:MAN_SP
HBL-010CDL:Cryo-PID-82303:ProcValueName;HBL-010CDL:SC-PID-82303:ProcValueName
HBL-010CDL:Cryo-PID-82303:ProcValueEGU;HBL-010CDL:SC-PID-82303:ProcValueEGU
HBL-010CDL:Cryo-PID-82303:Meas1_Name;HBL-010CDL:SC-PID-82303:Meas1_Name
HBL-010CDL:Cryo-PID-82303:Meas2_Name;HBL-010CDL:SC-PID-82303:Meas2_Name
HBL-010CDL:Cryo-PID-82303:Meas3_Name;HBL-010CDL:SC-PID-82303:Meas3_Name
HBL-010CDL:Cryo-PID-82303:MoveInterlock;HBL-010CDL:SC-PID-82303:MoveInterlock
HBL-010CDL:Cryo-PID-82303:FB_Setpoint;HBL-010CDL:SC-PID-82303:FB_Setpoint
HBL-010CDL:Cryo-PID-82303:FB_Step;HBL-010CDL:SC-PID-82303:FB_Step
HBL-010CDL:Cryo-PID-82303:FB_Manipulated;HBL-010CDL:SC-PID-82303:FB_Manipulated
HBL-010CDL:Cryo-PID-82303:FB_Gain 1Hz;HBL-010CDL:SC-PID-82303:FB_Gain 1Hz
HBL-010CDL:Cryo-PID-82303:FB_TI 1Hz;HBL-010CDL:SC-PID-82303:FB_TI 1Hz
HBL-010CDL:Cryo-PID-82303:FB_TD 1Hz;HBL-010CDL:SC-PID-82303:FB_TD 1Hz
HBL-010CDL:Cryo-PID-82303:FB_DEADB 1Hz;HBL-010CDL:SC-PID-82303:FB_DEADB 1Hz
HBL-010CDL:Cryo-PID-82303:FB_LMN_HLIM 1Hz;HBL-010CDL:SC-PID-82303:FB_LMN_HLIM 1Hz
HBL-010CDL:Cryo-PID-82303:FB_LMN_LLIM 1Hz;HBL-010CDL:SC-PID-82303:FB_LMN_LLIM 1Hz
HBL-010CDL:Cryo-PID-82303:FB_Gain_1 1Hz;HBL-010CDL:SC-PID-82303:FB_Gain_1 1Hz
HBL-010CDL:Cryo-PID-82303:FB_TI_1 1Hz;HBL-010CDL:SC-PID-82303:FB_TI_1 1Hz
HBL-010CDL:Cryo-PID-82303:FB_TD_1 1Hz;HBL-010CDL:SC-PID-82303:FB_TD_1 1Hz
HBL-010CDL:Cryo-PID-82303:FB_DEADB_1 1Hz;HBL-010CDL:SC-PID-82303:FB_DEADB_1 1Hz
HBL-010CDL:Cryo-PID-82303:FB_LMN_HLIM_1 1Hz;HBL-010CDL:SC-PID-82303:FB_LMN_HLIM_1 1Hz
HBL-010CDL:Cryo-PID-82303:FB_LMN_LLIM_1 1Hz;HBL-010CDL:SC-PID-82303:FB_LMN_LLIM_1 1Hz
HBL-010CDL:Cryo-PID-82303:FB_Gain_2 1Hz;HBL-010CDL:SC-PID-82303:FB_Gain_2 1Hz
HBL-010CDL:Cryo-PID-82303:FB_TI_2 1Hz;HBL-010CDL:SC-PID-82303:FB_TI_2 1Hz
HBL-010CDL:Cryo-PID-82303:FB_TD_2 1Hz;HBL-010CDL:SC-PID-82303:FB_TD_2 1Hz
HBL-010CDL:Cryo-PID-82303:FB_DEADB_2 1Hz;HBL-010CDL:SC-PID-82303:FB_DEADB_2 1Hz
HBL-010CDL:Cryo-PID-82303:FB_LMN_HLIM_2 1Hz;HBL-010CDL:SC-PID-82303:FB_LMN_HLIM_2 1Hz
HBL-010CDL:Cryo-PID-82303:FB_LMN_LLIM_2 1Hz;HBL-010CDL:SC-PID-82303:FB_LMN_LLIM_2 1Hz
HBL-010CDL:Cryo-PID-82303:FB_Gain_3 1Hz;HBL-010CDL:SC-PID-82303:FB_Gain_3 1Hz
HBL-010CDL:Cryo-PID-82303:FB_TI_3 1Hz;HBL-010CDL:SC-PID-82303:FB_TI_3 1Hz
HBL-010CDL:Cryo-PID-82303:FB_TD_3 1Hz;HBL-010CDL:SC-PID-82303:FB_TD_3 1Hz
HBL-010CDL:Cryo-PID-82303:FB_DEADB_3 1Hz;HBL-010CDL:SC-PID-82303:FB_DEADB_3 1Hz
HBL-010CDL:Cryo-PID-82303:FB_LMN_HLIM_3 1Hz;HBL-010CDL:SC-PID-82303:FB_LMN_HLIM_3 1Hz
HBL-010CDL:Cryo-PID-82303:FB_LMN_LLIM_3 1Hz;HBL-010CDL:SC-PID-82303:FB_LMN_LLIM_3 1Hz
HBL-010CDL:Cryo-PID-82304:SelectedPV;HBL-010CDL:SC-PID-82304:SelectedPV
HBL-010CDL:Cryo-PID-82304:LMN;HBL-010CDL:SC-PID-82304:LMN
HBL-010CDL:Cryo-PID-82304:LMN_P;HBL-010CDL:SC-PID-82304:LMN_P
HBL-010CDL:Cryo-PID-82304:LMN_I;HBL-010CDL:SC-PID-82304:LMN_I
HBL-010CDL:Cryo-PID-82304:LMN_D;HBL-010CDL:SC-PID-82304:LMN_D
HBL-010CDL:Cryo-PID-82304:PID_DIF;HBL-010CDL:SC-PID-82304:PID_DIF
HBL-010CDL:Cryo-PID-82304:PV;HBL-010CDL:SC-PID-82304:PV
HBL-010CDL:Cryo-PID-82304:MAN_SP;HBL-010CDL:SC-PID-82304:MAN_SP
HBL-010CDL:Cryo-PID-82304:ProcValueName;HBL-010CDL:SC-PID-82304:ProcValueName
HBL-010CDL:Cryo-PID-82304:ProcValueEGU;HBL-010CDL:SC-PID-82304:ProcValueEGU
HBL-010CDL:Cryo-PID-82304:Meas1_Name;HBL-010CDL:SC-PID-82304:Meas1_Name
HBL-010CDL:Cryo-PID-82304:Meas2_Name;HBL-010CDL:SC-PID-82304:Meas2_Name
HBL-010CDL:Cryo-PID-82304:Meas3_Name;HBL-010CDL:SC-PID-82304:Meas3_Name
HBL-010CDL:Cryo-PID-82304:MoveInterlock;HBL-010CDL:SC-PID-82304:MoveInterlock
HBL-010CDL:Cryo-PID-82304:FB_Setpoint;HBL-010CDL:SC-PID-82304:FB_Setpoint
HBL-010CDL:Cryo-PID-82304:FB_Step;HBL-010CDL:SC-PID-82304:FB_Step
HBL-010CDL:Cryo-PID-82304:FB_Manipulated;HBL-010CDL:SC-PID-82304:FB_Manipulated
HBL-010CDL:Cryo-PID-82304:FB_Gain 1Hz;HBL-010CDL:SC-PID-82304:FB_Gain 1Hz
HBL-010CDL:Cryo-PID-82304:FB_TI 1Hz;HBL-010CDL:SC-PID-82304:FB_TI 1Hz
HBL-010CDL:Cryo-PID-82304:FB_TD 1Hz;HBL-010CDL:SC-PID-82304:FB_TD 1Hz
HBL-010CDL:Cryo-PID-82304:FB_DEADB 1Hz;HBL-010CDL:SC-PID-82304:FB_DEADB 1Hz
HBL-010CDL:Cryo-PID-82304:FB_LMN_HLIM 1Hz;HBL-010CDL:SC-PID-82304:FB_LMN_HLIM 1Hz
HBL-010CDL:Cryo-PID-82304:FB_LMN_LLIM 1Hz;HBL-010CDL:SC-PID-82304:FB_LMN_LLIM 1Hz
HBL-010CDL:Cryo-PID-82304:FB_Gain_1 1Hz;HBL-010CDL:SC-PID-82304:FB_Gain_1 1Hz
HBL-010CDL:Cryo-PID-82304:FB_TI_1 1Hz;HBL-010CDL:SC-PID-82304:FB_TI_1 1Hz
HBL-010CDL:Cryo-PID-82304:FB_TD_1 1Hz;HBL-010CDL:SC-PID-82304:FB_TD_1 1Hz
HBL-010CDL:Cryo-PID-82304:FB_DEADB_1 1Hz;HBL-010CDL:SC-PID-82304:FB_DEADB_1 1Hz
HBL-010CDL:Cryo-PID-82304:FB_LMN_HLIM_1 1Hz;HBL-010CDL:SC-PID-82304:FB_LMN_HLIM_1 1Hz
HBL-010CDL:Cryo-PID-82304:FB_LMN_LLIM_1 1Hz;HBL-010CDL:SC-PID-82304:FB_LMN_LLIM_1 1Hz
HBL-010CDL:Cryo-PID-82304:FB_Gain_2 1Hz;HBL-010CDL:SC-PID-82304:FB_Gain_2 1Hz
HBL-010CDL:Cryo-PID-82304:FB_TI_2 1Hz;HBL-010CDL:SC-PID-82304:FB_TI_2 1Hz
HBL-010CDL:Cryo-PID-82304:FB_TD_2 1Hz;HBL-010CDL:SC-PID-82304:FB_TD_2 1Hz
HBL-010CDL:Cryo-PID-82304:FB_DEADB_2 1Hz;HBL-010CDL:SC-PID-82304:FB_DEADB_2 1Hz
HBL-010CDL:Cryo-PID-82304:FB_LMN_HLIM_2 1Hz;HBL-010CDL:SC-PID-82304:FB_LMN_HLIM_2 1Hz
HBL-010CDL:Cryo-PID-82304:FB_LMN_LLIM_2 1Hz;HBL-010CDL:SC-PID-82304:FB_LMN_LLIM_2 1Hz
HBL-010CDL:Cryo-PID-82304:FB_Gain_3 1Hz;HBL-010CDL:SC-PID-82304:FB_Gain_3 1Hz
HBL-010CDL:Cryo-PID-82304:FB_TI_3 1Hz;HBL-010CDL:SC-PID-82304:FB_TI_3 1Hz
HBL-010CDL:Cryo-PID-82304:FB_TD_3 1Hz;HBL-010CDL:SC-PID-82304:FB_TD_3 1Hz
HBL-010CDL:Cryo-PID-82304:FB_DEADB_3 1Hz;HBL-010CDL:SC-PID-82304:FB_DEADB_3 1Hz
HBL-010CDL:Cryo-PID-82304:FB_LMN_HLIM_3 1Hz;HBL-010CDL:SC-PID-82304:FB_LMN_HLIM_3 1Hz
HBL-010CDL:Cryo-PID-82304:FB_LMN_LLIM_3 1Hz;HBL-010CDL:SC-PID-82304:FB_LMN_LLIM_3 1Hz
HBL-010CDL:Cryo-PID-82305:SelectedPV;HBL-010CDL:SC-PID-82305:SelectedPV
HBL-010CDL:Cryo-PID-82305:LMN;HBL-010CDL:SC-PID-82305:LMN
HBL-010CDL:Cryo-PID-82305:LMN_P;HBL-010CDL:SC-PID-82305:LMN_P
HBL-010CDL:Cryo-PID-82305:LMN_I;HBL-010CDL:SC-PID-82305:LMN_I
HBL-010CDL:Cryo-PID-82305:LMN_D;HBL-010CDL:SC-PID-82305:LMN_D
HBL-010CDL:Cryo-PID-82305:PID_DIF;HBL-010CDL:SC-PID-82305:PID_DIF
HBL-010CDL:Cryo-PID-82305:PV;HBL-010CDL:SC-PID-82305:PV
HBL-010CDL:Cryo-PID-82305:MAN_SP;HBL-010CDL:SC-PID-82305:MAN_SP
HBL-010CDL:Cryo-PID-82305:ProcValueName;HBL-010CDL:SC-PID-82305:ProcValueName
HBL-010CDL:Cryo-PID-82305:ProcValueEGU;HBL-010CDL:SC-PID-82305:ProcValueEGU
HBL-010CDL:Cryo-PID-82305:Meas1_Name;HBL-010CDL:SC-PID-82305:Meas1_Name
HBL-010CDL:Cryo-PID-82305:Meas2_Name;HBL-010CDL:SC-PID-82305:Meas2_Name
HBL-010CDL:Cryo-PID-82305:Meas3_Name;HBL-010CDL:SC-PID-82305:Meas3_Name
HBL-010CDL:Cryo-PID-82305:MoveInterlock;HBL-010CDL:SC-PID-82305:MoveInterlock
HBL-010CDL:Cryo-PID-82305:FB_Setpoint;HBL-010CDL:SC-PID-82305:FB_Setpoint
HBL-010CDL:Cryo-PID-82305:FB_Step;HBL-010CDL:SC-PID-82305:FB_Step
HBL-010CDL:Cryo-PID-82305:FB_Manipulated;HBL-010CDL:SC-PID-82305:FB_Manipulated
HBL-010CDL:Cryo-PID-82305:FB_Gain 1Hz;HBL-010CDL:SC-PID-82305:FB_Gain 1Hz
HBL-010CDL:Cryo-PID-82305:FB_TI 1Hz;HBL-010CDL:SC-PID-82305:FB_TI 1Hz
HBL-010CDL:Cryo-PID-82305:FB_TD 1Hz;HBL-010CDL:SC-PID-82305:FB_TD 1Hz
HBL-010CDL:Cryo-PID-82305:FB_DEADB 1Hz;HBL-010CDL:SC-PID-82305:FB_DEADB 1Hz
HBL-010CDL:Cryo-PID-82305:FB_LMN_HLIM 1Hz;HBL-010CDL:SC-PID-82305:FB_LMN_HLIM 1Hz
HBL-010CDL:Cryo-PID-82305:FB_LMN_LLIM 1Hz;HBL-010CDL:SC-PID-82305:FB_LMN_LLIM 1Hz
HBL-010CDL:Cryo-PID-82305:FB_Gain_1 1Hz;HBL-010CDL:SC-PID-82305:FB_Gain_1 1Hz
HBL-010CDL:Cryo-PID-82305:FB_TI_1 1Hz;HBL-010CDL:SC-PID-82305:FB_TI_1 1Hz
HBL-010CDL:Cryo-PID-82305:FB_TD_1 1Hz;HBL-010CDL:SC-PID-82305:FB_TD_1 1Hz
HBL-010CDL:Cryo-PID-82305:FB_DEADB_1 1Hz;HBL-010CDL:SC-PID-82305:FB_DEADB_1 1Hz
HBL-010CDL:Cryo-PID-82305:FB_LMN_HLIM_1 1Hz;HBL-010CDL:SC-PID-82305:FB_LMN_HLIM_1 1Hz
HBL-010CDL:Cryo-PID-82305:FB_LMN_LLIM_1 1Hz;HBL-010CDL:SC-PID-82305:FB_LMN_LLIM_1 1Hz
HBL-010CDL:Cryo-PID-82305:FB_Gain_2 1Hz;HBL-010CDL:SC-PID-82305:FB_Gain_2 1Hz
HBL-010CDL:Cryo-PID-82305:FB_TI_2 1Hz;HBL-010CDL:SC-PID-82305:FB_TI_2 1Hz
HBL-010CDL:Cryo-PID-82305:FB_TD_2 1Hz;HBL-010CDL:SC-PID-82305:FB_TD_2 1Hz
HBL-010CDL:Cryo-PID-82305:FB_DEADB_2 1Hz;HBL-010CDL:SC-PID-82305:FB_DEADB_2 1Hz
HBL-010CDL:Cryo-PID-82305:FB_LMN_HLIM_2 1Hz;HBL-010CDL:SC-PID-82305:FB_LMN_HLIM_2 1Hz
HBL-010CDL:Cryo-PID-82305:FB_LMN_LLIM_2 1Hz;HBL-010CDL:SC-PID-82305:FB_LMN_LLIM_2 1Hz
HBL-010CDL:Cryo-PID-82305:FB_Gain_3 1Hz;HBL-010CDL:SC-PID-82305:FB_Gain_3 1Hz
HBL-010CDL:Cryo-PID-82305:FB_TI_3 1Hz;HBL-010CDL:SC-PID-82305:FB_TI_3 1Hz
HBL-010CDL:Cryo-PID-82305:FB_TD_3 1Hz;HBL-010CDL:SC-PID-82305:FB_TD_3 1Hz
HBL-010CDL:Cryo-PID-82305:FB_DEADB_3 1Hz;HBL-010CDL:SC-PID-82305:FB_DEADB_3 1Hz
HBL-010CDL:Cryo-PID-82305:FB_LMN_HLIM_3 1Hz;HBL-010CDL:SC-PID-82305:FB_LMN_HLIM_3 1Hz
HBL-010CDL:Cryo-PID-82305:FB_LMN_LLIM_3 1Hz;HBL-010CDL:SC-PID-82305:FB_LMN_LLIM_3 1Hz
HBL-010CDL:Cryo-PID-82306:SelectedPV;HBL-010CDL:SC-PID-82306:SelectedPV
HBL-010CDL:Cryo-PID-82306:LMN;HBL-010CDL:SC-PID-82306:LMN
HBL-010CDL:Cryo-PID-82306:LMN_P;HBL-010CDL:SC-PID-82306:LMN_P
HBL-010CDL:Cryo-PID-82306:LMN_I;HBL-010CDL:SC-PID-82306:LMN_I
HBL-010CDL:Cryo-PID-82306:LMN_D;HBL-010CDL:SC-PID-82306:LMN_D
HBL-010CDL:Cryo-PID-82306:PID_DIF;HBL-010CDL:SC-PID-82306:PID_DIF
HBL-010CDL:Cryo-PID-82306:PV;HBL-010CDL:SC-PID-82306:PV
HBL-010CDL:Cryo-PID-82306:MAN_SP;HBL-010CDL:SC-PID-82306:MAN_SP
HBL-010CDL:Cryo-PID-82306:ProcValueName;HBL-010CDL:SC-PID-82306:ProcValueName
HBL-010CDL:Cryo-PID-82306:ProcValueEGU;HBL-010CDL:SC-PID-82306:ProcValueEGU
HBL-010CDL:Cryo-PID-82306:Meas1_Name;HBL-010CDL:SC-PID-82306:Meas1_Name
HBL-010CDL:Cryo-PID-82306:Meas2_Name;HBL-010CDL:SC-PID-82306:Meas2_Name
HBL-010CDL:Cryo-PID-82306:Meas3_Name;HBL-010CDL:SC-PID-82306:Meas3_Name
HBL-010CDL:Cryo-PID-82306:MoveInterlock;HBL-010CDL:SC-PID-82306:MoveInterlock
HBL-010CDL:Cryo-PID-82306:FB_Setpoint;HBL-010CDL:SC-PID-82306:FB_Setpoint
HBL-010CDL:Cryo-PID-82306:FB_Step;HBL-010CDL:SC-PID-82306:FB_Step
HBL-010CDL:Cryo-PID-82306:FB_Manipulated;HBL-010CDL:SC-PID-82306:FB_Manipulated
HBL-010CDL:Cryo-PID-82306:FB_Gain 1Hz;HBL-010CDL:SC-PID-82306:FB_Gain 1Hz
HBL-010CDL:Cryo-PID-82306:FB_TI 1Hz;HBL-010CDL:SC-PID-82306:FB_TI 1Hz
HBL-010CDL:Cryo-PID-82306:FB_TD 1Hz;HBL-010CDL:SC-PID-82306:FB_TD 1Hz
HBL-010CDL:Cryo-PID-82306:FB_DEADB 1Hz;HBL-010CDL:SC-PID-82306:FB_DEADB 1Hz
HBL-010CDL:Cryo-PID-82306:FB_LMN_HLIM 1Hz;HBL-010CDL:SC-PID-82306:FB_LMN_HLIM 1Hz
HBL-010CDL:Cryo-PID-82306:FB_LMN_LLIM 1Hz;HBL-010CDL:SC-PID-82306:FB_LMN_LLIM 1Hz
HBL-010CDL:Cryo-PID-82306:FB_Gain_1 1Hz;HBL-010CDL:SC-PID-82306:FB_Gain_1 1Hz
HBL-010CDL:Cryo-PID-82306:FB_TI_1 1Hz;HBL-010CDL:SC-PID-82306:FB_TI_1 1Hz
HBL-010CDL:Cryo-PID-82306:FB_TD_1 1Hz;HBL-010CDL:SC-PID-82306:FB_TD_1 1Hz
HBL-010CDL:Cryo-PID-82306:FB_DEADB_1 1Hz;HBL-010CDL:SC-PID-82306:FB_DEADB_1 1Hz
HBL-010CDL:Cryo-PID-82306:FB_LMN_HLIM_1 1Hz;HBL-010CDL:SC-PID-82306:FB_LMN_HLIM_1 1Hz
HBL-010CDL:Cryo-PID-82306:FB_LMN_LLIM_1 1Hz;HBL-010CDL:SC-PID-82306:FB_LMN_LLIM_1 1Hz
HBL-010CDL:Cryo-PID-82306:FB_Gain_2 1Hz;HBL-010CDL:SC-PID-82306:FB_Gain_2 1Hz
HBL-010CDL:Cryo-PID-82306:FB_TI_2 1Hz;HBL-010CDL:SC-PID-82306:FB_TI_2 1Hz
HBL-010CDL:Cryo-PID-82306:FB_TD_2 1Hz;HBL-010CDL:SC-PID-82306:FB_TD_2 1Hz
HBL-010CDL:Cryo-PID-82306:FB_DEADB_2 1Hz;HBL-010CDL:SC-PID-82306:FB_DEADB_2 1Hz
HBL-010CDL:Cryo-PID-82306:FB_LMN_HLIM_2 1Hz;HBL-010CDL:SC-PID-82306:FB_LMN_HLIM_2 1Hz
HBL-010CDL:Cryo-PID-82306:FB_LMN_LLIM_2 1Hz;HBL-010CDL:SC-PID-82306:FB_LMN_LLIM_2 1Hz
HBL-010CDL:Cryo-PID-82306:FB_Gain_3 1Hz;HBL-010CDL:SC-PID-82306:FB_Gain_3 1Hz
HBL-010CDL:Cryo-PID-82306:FB_TI_3 1Hz;HBL-010CDL:SC-PID-82306:FB_TI_3 1Hz
HBL-010CDL:Cryo-PID-82306:FB_TD_3 1Hz;HBL-010CDL:SC-PID-82306:FB_TD_3 1Hz
HBL-010CDL:Cryo-PID-82306:FB_DEADB_3 1Hz;HBL-010CDL:SC-PID-82306:FB_DEADB_3 1Hz
HBL-010CDL:Cryo-PID-82306:FB_LMN_HLIM_3 1Hz;HBL-010CDL:SC-PID-82306:FB_LMN_HLIM_3 1Hz
HBL-010CDL:Cryo-PID-82306:FB_LMN_LLIM_3 1Hz;HBL-010CDL:SC-PID-82306:FB_LMN_LLIM_3 1Hz
HBL-010CDL:Cryo-PID-82360:SelectedPV;HBL-010CDL:SC-PID-82360:SelectedPV
HBL-010CDL:Cryo-PID-82360:LMN;HBL-010CDL:SC-PID-82360:LMN
HBL-010CDL:Cryo-PID-82360:LMN_P;HBL-010CDL:SC-PID-82360:LMN_P
HBL-010CDL:Cryo-PID-82360:LMN_I;HBL-010CDL:SC-PID-82360:LMN_I
HBL-010CDL:Cryo-PID-82360:LMN_D;HBL-010CDL:SC-PID-82360:LMN_D
HBL-010CDL:Cryo-PID-82360:PID_DIF;HBL-010CDL:SC-PID-82360:PID_DIF
HBL-010CDL:Cryo-PID-82360:PV;HBL-010CDL:SC-PID-82360:PV
HBL-010CDL:Cryo-PID-82360:MAN_SP;HBL-010CDL:SC-PID-82360:MAN_SP
HBL-010CDL:Cryo-PID-82360:ProcValueName;HBL-010CDL:SC-PID-82360:ProcValueName
HBL-010CDL:Cryo-PID-82360:ProcValueEGU;HBL-010CDL:SC-PID-82360:ProcValueEGU
HBL-010CDL:Cryo-PID-82360:Meas1_Name;HBL-010CDL:SC-PID-82360:Meas1_Name
HBL-010CDL:Cryo-PID-82360:Meas2_Name;HBL-010CDL:SC-PID-82360:Meas2_Name
HBL-010CDL:Cryo-PID-82360:Meas3_Name;HBL-010CDL:SC-PID-82360:Meas3_Name
HBL-010CDL:Cryo-PID-82360:MoveInterlock;HBL-010CDL:SC-PID-82360:MoveInterlock
HBL-010CDL:Cryo-PID-82360:FB_Setpoint;HBL-010CDL:SC-PID-82360:FB_Setpoint
HBL-010CDL:Cryo-PID-82360:FB_Step;HBL-010CDL:SC-PID-82360:FB_Step
HBL-010CDL:Cryo-PID-82360:FB_Manipulated;HBL-010CDL:SC-PID-82360:FB_Manipulated
HBL-010CDL:Cryo-PID-82360:FB_Gain 1Hz;HBL-010CDL:SC-PID-82360:FB_Gain 1Hz
HBL-010CDL:Cryo-PID-82360:FB_TI 1Hz;HBL-010CDL:SC-PID-82360:FB_TI 1Hz
HBL-010CDL:Cryo-PID-82360:FB_TD 1Hz;HBL-010CDL:SC-PID-82360:FB_TD 1Hz
HBL-010CDL:Cryo-PID-82360:FB_DEADB 1Hz;HBL-010CDL:SC-PID-82360:FB_DEADB 1Hz
HBL-010CDL:Cryo-PID-82360:FB_LMN_HLIM 1Hz;HBL-010CDL:SC-PID-82360:FB_LMN_HLIM 1Hz
HBL-010CDL:Cryo-PID-82360:FB_LMN_LLIM 1Hz;HBL-010CDL:SC-PID-82360:FB_LMN_LLIM 1Hz
HBL-010CDL:Cryo-PID-82360:FB_Gain_1 1Hz;HBL-010CDL:SC-PID-82360:FB_Gain_1 1Hz
HBL-010CDL:Cryo-PID-82360:FB_TI_1 1Hz;HBL-010CDL:SC-PID-82360:FB_TI_1 1Hz
HBL-010CDL:Cryo-PID-82360:FB_TD_1 1Hz;HBL-010CDL:SC-PID-82360:FB_TD_1 1Hz
HBL-010CDL:Cryo-PID-82360:FB_DEADB_1 1Hz;HBL-010CDL:SC-PID-82360:FB_DEADB_1 1Hz
HBL-010CDL:Cryo-PID-82360:FB_LMN_HLIM_1 1Hz;HBL-010CDL:SC-PID-82360:FB_LMN_HLIM_1 1Hz
HBL-010CDL:Cryo-PID-82360:FB_LMN_LLIM_1 1Hz;HBL-010CDL:SC-PID-82360:FB_LMN_LLIM_1 1Hz
HBL-010CDL:Cryo-PID-82360:FB_Gain_2 1Hz;HBL-010CDL:SC-PID-82360:FB_Gain_2 1Hz
HBL-010CDL:Cryo-PID-82360:FB_TI_2 1Hz;HBL-010CDL:SC-PID-82360:FB_TI_2 1Hz
HBL-010CDL:Cryo-PID-82360:FB_TD_2 1Hz;HBL-010CDL:SC-PID-82360:FB_TD_2 1Hz
HBL-010CDL:Cryo-PID-82360:FB_DEADB_2 1Hz;HBL-010CDL:SC-PID-82360:FB_DEADB_2 1Hz
HBL-010CDL:Cryo-PID-82360:FB_LMN_HLIM_2 1Hz;HBL-010CDL:SC-PID-82360:FB_LMN_HLIM_2 1Hz
HBL-010CDL:Cryo-PID-82360:FB_LMN_LLIM_2 1Hz;HBL-010CDL:SC-PID-82360:FB_LMN_LLIM_2 1Hz
HBL-010CDL:Cryo-PID-82360:FB_Gain_3 1Hz;HBL-010CDL:SC-PID-82360:FB_Gain_3 1Hz
HBL-010CDL:Cryo-PID-82360:FB_TI_3 1Hz;HBL-010CDL:SC-PID-82360:FB_TI_3 1Hz
HBL-010CDL:Cryo-PID-82360:FB_TD_3 1Hz;HBL-010CDL:SC-PID-82360:FB_TD_3 1Hz
HBL-010CDL:Cryo-PID-82360:FB_DEADB_3 1Hz;HBL-010CDL:SC-PID-82360:FB_DEADB_3 1Hz
HBL-010CDL:Cryo-PID-82360:FB_LMN_HLIM_3 1Hz;HBL-010CDL:SC-PID-82360:FB_LMN_HLIM_3 1Hz
HBL-010CDL:Cryo-PID-82360:FB_LMN_LLIM_3 1Hz;HBL-010CDL:SC-PID-82360:FB_LMN_LLIM_3 1Hz
HBL-010CDL:Cryo-PID-82361:SelectedPV;HBL-010CDL:SC-PID-82361:SelectedPV
HBL-010CDL:Cryo-PID-82361:LMN;HBL-010CDL:SC-PID-82361:LMN
HBL-010CDL:Cryo-PID-82361:LMN_P;HBL-010CDL:SC-PID-82361:LMN_P
HBL-010CDL:Cryo-PID-82361:LMN_I;HBL-010CDL:SC-PID-82361:LMN_I
HBL-010CDL:Cryo-PID-82361:LMN_D;HBL-010CDL:SC-PID-82361:LMN_D
HBL-010CDL:Cryo-PID-82361:PID_DIF;HBL-010CDL:SC-PID-82361:PID_DIF
HBL-010CDL:Cryo-PID-82361:PV;HBL-010CDL:SC-PID-82361:PV
HBL-010CDL:Cryo-PID-82361:MAN_SP;HBL-010CDL:SC-PID-82361:MAN_SP
HBL-010CDL:Cryo-PID-82361:ProcValueName;HBL-010CDL:SC-PID-82361:ProcValueName
HBL-010CDL:Cryo-PID-82361:ProcValueEGU;HBL-010CDL:SC-PID-82361:ProcValueEGU
HBL-010CDL:Cryo-PID-82361:Meas1_Name;HBL-010CDL:SC-PID-82361:Meas1_Name
HBL-010CDL:Cryo-PID-82361:Meas2_Name;HBL-010CDL:SC-PID-82361:Meas2_Name
HBL-010CDL:Cryo-PID-82361:Meas3_Name;HBL-010CDL:SC-PID-82361:Meas3_Name
HBL-010CDL:Cryo-PID-82361:MoveInterlock;HBL-010CDL:SC-PID-82361:MoveInterlock
HBL-010CDL:Cryo-PID-82361:FB_Setpoint;HBL-010CDL:SC-PID-82361:FB_Setpoint
HBL-010CDL:Cryo-PID-82361:FB_Step;HBL-010CDL:SC-PID-82361:FB_Step
HBL-010CDL:Cryo-PID-82361:FB_Manipulated;HBL-010CDL:SC-PID-82361:FB_Manipulated
HBL-010CDL:Cryo-PID-82361:FB_Gain 1Hz;HBL-010CDL:SC-PID-82361:FB_Gain 1Hz
HBL-010CDL:Cryo-PID-82361:FB_TI 1Hz;HBL-010CDL:SC-PID-82361:FB_TI 1Hz
HBL-010CDL:Cryo-PID-82361:FB_TD 1Hz;HBL-010CDL:SC-PID-82361:FB_TD 1Hz
HBL-010CDL:Cryo-PID-82361:FB_DEADB 1Hz;HBL-010CDL:SC-PID-82361:FB_DEADB 1Hz
HBL-010CDL:Cryo-PID-82361:FB_LMN_HLIM 1Hz;HBL-010CDL:SC-PID-82361:FB_LMN_HLIM 1Hz
HBL-010CDL:Cryo-PID-82361:FB_LMN_LLIM 1Hz;HBL-010CDL:SC-PID-82361:FB_LMN_LLIM 1Hz
HBL-010CDL:Cryo-PID-82361:FB_Gain_1 1Hz;HBL-010CDL:SC-PID-82361:FB_Gain_1 1Hz
HBL-010CDL:Cryo-PID-82361:FB_TI_1 1Hz;HBL-010CDL:SC-PID-82361:FB_TI_1 1Hz
HBL-010CDL:Cryo-PID-82361:FB_TD_1 1Hz;HBL-010CDL:SC-PID-82361:FB_TD_1 1Hz
HBL-010CDL:Cryo-PID-82361:FB_DEADB_1 1Hz;HBL-010CDL:SC-PID-82361:FB_DEADB_1 1Hz
HBL-010CDL:Cryo-PID-82361:FB_LMN_HLIM_1 1Hz;HBL-010CDL:SC-PID-82361:FB_LMN_HLIM_1 1Hz
HBL-010CDL:Cryo-PID-82361:FB_LMN_LLIM_1 1Hz;HBL-010CDL:SC-PID-82361:FB_LMN_LLIM_1 1Hz
HBL-010CDL:Cryo-PID-82361:FB_Gain_2 1Hz;HBL-010CDL:SC-PID-82361:FB_Gain_2 1Hz
HBL-010CDL:Cryo-PID-82361:FB_TI_2 1Hz;HBL-010CDL:SC-PID-82361:FB_TI_2 1Hz
HBL-010CDL:Cryo-PID-82361:FB_TD_2 1Hz;HBL-010CDL:SC-PID-82361:FB_TD_2 1Hz
HBL-010CDL:Cryo-PID-82361:FB_DEADB_2 1Hz;HBL-010CDL:SC-PID-82361:FB_DEADB_2 1Hz
HBL-010CDL:Cryo-PID-82361:FB_LMN_HLIM_2 1Hz;HBL-010CDL:SC-PID-82361:FB_LMN_HLIM_2 1Hz
HBL-010CDL:Cryo-PID-82361:FB_LMN_LLIM_2 1Hz;HBL-010CDL:SC-PID-82361:FB_LMN_LLIM_2 1Hz
HBL-010CDL:Cryo-PID-82361:FB_Gain_3 1Hz;HBL-010CDL:SC-PID-82361:FB_Gain_3 1Hz
HBL-010CDL:Cryo-PID-82361:FB_TI_3 1Hz;HBL-010CDL:SC-PID-82361:FB_TI_3 1Hz
HBL-010CDL:Cryo-PID-82361:FB_TD_3 1Hz;HBL-010CDL:SC-PID-82361:FB_TD_3 1Hz
HBL-010CDL:Cryo-PID-82361:FB_DEADB_3 1Hz;HBL-010CDL:SC-PID-82361:FB_DEADB_3 1Hz
HBL-010CDL:Cryo-PID-82361:FB_LMN_HLIM_3 1Hz;HBL-010CDL:SC-PID-82361:FB_LMN_HLIM_3 1Hz
HBL-010CDL:Cryo-PID-82361:FB_LMN_LLIM_3 1Hz;HBL-010CDL:SC-PID-82361:FB_LMN_LLIM_3 1Hz
HBL-010CDL:Cryo-PID-82362:SelectedPV;HBL-010CDL:SC-PID-82362:SelectedPV
HBL-010CDL:Cryo-PID-82362:LMN;HBL-010CDL:SC-PID-82362:LMN
HBL-010CDL:Cryo-PID-82362:LMN_P;HBL-010CDL:SC-PID-82362:LMN_P
HBL-010CDL:Cryo-PID-82362:LMN_I;HBL-010CDL:SC-PID-82362:LMN_I
HBL-010CDL:Cryo-PID-82362:LMN_D;HBL-010CDL:SC-PID-82362:LMN_D
HBL-010CDL:Cryo-PID-82362:PID_DIF;HBL-010CDL:SC-PID-82362:PID_DIF
HBL-010CDL:Cryo-PID-82362:PV;HBL-010CDL:SC-PID-82362:PV
HBL-010CDL:Cryo-PID-82362:MAN_SP;HBL-010CDL:SC-PID-82362:MAN_SP
HBL-010CDL:Cryo-PID-82362:ProcValueName;HBL-010CDL:SC-PID-82362:ProcValueName
HBL-010CDL:Cryo-PID-82362:ProcValueEGU;HBL-010CDL:SC-PID-82362:ProcValueEGU
HBL-010CDL:Cryo-PID-82362:Meas1_Name;HBL-010CDL:SC-PID-82362:Meas1_Name
HBL-010CDL:Cryo-PID-82362:Meas2_Name;HBL-010CDL:SC-PID-82362:Meas2_Name
HBL-010CDL:Cryo-PID-82362:Meas3_Name;HBL-010CDL:SC-PID-82362:Meas3_Name
HBL-010CDL:Cryo-PID-82362:MoveInterlock;HBL-010CDL:SC-PID-82362:MoveInterlock
HBL-010CDL:Cryo-PID-82362:FB_Setpoint;HBL-010CDL:SC-PID-82362:FB_Setpoint
HBL-010CDL:Cryo-PID-82362:FB_Step;HBL-010CDL:SC-PID-82362:FB_Step
HBL-010CDL:Cryo-PID-82362:FB_Manipulated;HBL-010CDL:SC-PID-82362:FB_Manipulated
HBL-010CDL:Cryo-PID-82362:FB_Gain 1Hz;HBL-010CDL:SC-PID-82362:FB_Gain 1Hz
HBL-010CDL:Cryo-PID-82362:FB_TI 1Hz;HBL-010CDL:SC-PID-82362:FB_TI 1Hz
HBL-010CDL:Cryo-PID-82362:FB_TD 1Hz;HBL-010CDL:SC-PID-82362:FB_TD 1Hz
HBL-010CDL:Cryo-PID-82362:FB_DEADB 1Hz;HBL-010CDL:SC-PID-82362:FB_DEADB 1Hz
HBL-010CDL:Cryo-PID-82362:FB_LMN_HLIM 1Hz;HBL-010CDL:SC-PID-82362:FB_LMN_HLIM 1Hz
HBL-010CDL:Cryo-PID-82362:FB_LMN_LLIM 1Hz;HBL-010CDL:SC-PID-82362:FB_LMN_LLIM 1Hz
HBL-010CDL:Cryo-PID-82362:FB_Gain_1 1Hz;HBL-010CDL:SC-PID-82362:FB_Gain_1 1Hz
HBL-010CDL:Cryo-PID-82362:FB_TI_1 1Hz;HBL-010CDL:SC-PID-82362:FB_TI_1 1Hz
HBL-010CDL:Cryo-PID-82362:FB_TD_1 1Hz;HBL-010CDL:SC-PID-82362:FB_TD_1 1Hz
HBL-010CDL:Cryo-PID-82362:FB_DEADB_1 1Hz;HBL-010CDL:SC-PID-82362:FB_DEADB_1 1Hz
HBL-010CDL:Cryo-PID-82362:FB_LMN_HLIM_1 1Hz;HBL-010CDL:SC-PID-82362:FB_LMN_HLIM_1 1Hz
HBL-010CDL:Cryo-PID-82362:FB_LMN_LLIM_1 1Hz;HBL-010CDL:SC-PID-82362:FB_LMN_LLIM_1 1Hz
HBL-010CDL:Cryo-PID-82362:FB_Gain_2 1Hz;HBL-010CDL:SC-PID-82362:FB_Gain_2 1Hz
HBL-010CDL:Cryo-PID-82362:FB_TI_2 1Hz;HBL-010CDL:SC-PID-82362:FB_TI_2 1Hz
HBL-010CDL:Cryo-PID-82362:FB_TD_2 1Hz;HBL-010CDL:SC-PID-82362:FB_TD_2 1Hz
HBL-010CDL:Cryo-PID-82362:FB_DEADB_2 1Hz;HBL-010CDL:SC-PID-82362:FB_DEADB_2 1Hz
HBL-010CDL:Cryo-PID-82362:FB_LMN_HLIM_2 1Hz;HBL-010CDL:SC-PID-82362:FB_LMN_HLIM_2 1Hz
HBL-010CDL:Cryo-PID-82362:FB_LMN_LLIM_2 1Hz;HBL-010CDL:SC-PID-82362:FB_LMN_LLIM_2 1Hz
HBL-010CDL:Cryo-PID-82362:FB_Gain_3 1Hz;HBL-010CDL:SC-PID-82362:FB_Gain_3 1Hz
HBL-010CDL:Cryo-PID-82362:FB_TI_3 1Hz;HBL-010CDL:SC-PID-82362:FB_TI_3 1Hz
HBL-010CDL:Cryo-PID-82362:FB_TD_3 1Hz;HBL-010CDL:SC-PID-82362:FB_TD_3 1Hz
HBL-010CDL:Cryo-PID-82362:FB_DEADB_3 1Hz;HBL-010CDL:SC-PID-82362:FB_DEADB_3 1Hz
HBL-010CDL:Cryo-PID-82362:FB_LMN_HLIM_3 1Hz;HBL-010CDL:SC-PID-82362:FB_LMN_HLIM_3 1Hz
HBL-010CDL:Cryo-PID-82362:FB_LMN_LLIM_3 1Hz;HBL-010CDL:SC-PID-82362:FB_LMN_LLIM_3 1Hz
HBL-010CDL:Cryo-PID-82363:SelectedPV;HBL-010CDL:SC-PID-82363:SelectedPV
HBL-010CDL:Cryo-PID-82363:LMN;HBL-010CDL:SC-PID-82363:LMN
HBL-010CDL:Cryo-PID-82363:LMN_P;HBL-010CDL:SC-PID-82363:LMN_P
HBL-010CDL:Cryo-PID-82363:LMN_I;HBL-010CDL:SC-PID-82363:LMN_I
HBL-010CDL:Cryo-PID-82363:LMN_D;HBL-010CDL:SC-PID-82363:LMN_D
HBL-010CDL:Cryo-PID-82363:PID_DIF;HBL-010CDL:SC-PID-82363:PID_DIF
HBL-010CDL:Cryo-PID-82363:PV;HBL-010CDL:SC-PID-82363:PV
HBL-010CDL:Cryo-PID-82363:MAN_SP;HBL-010CDL:SC-PID-82363:MAN_SP
HBL-010CDL:Cryo-PID-82363:ProcValueName;HBL-010CDL:SC-PID-82363:ProcValueName
HBL-010CDL:Cryo-PID-82363:ProcValueEGU;HBL-010CDL:SC-PID-82363:ProcValueEGU
HBL-010CDL:Cryo-PID-82363:Meas1_Name;HBL-010CDL:SC-PID-82363:Meas1_Name
HBL-010CDL:Cryo-PID-82363:Meas2_Name;HBL-010CDL:SC-PID-82363:Meas2_Name
HBL-010CDL:Cryo-PID-82363:Meas3_Name;HBL-010CDL:SC-PID-82363:Meas3_Name
HBL-010CDL:Cryo-PID-82363:MoveInterlock;HBL-010CDL:SC-PID-82363:MoveInterlock
HBL-010CDL:Cryo-PID-82363:FB_Setpoint;HBL-010CDL:SC-PID-82363:FB_Setpoint
HBL-010CDL:Cryo-PID-82363:FB_Step;HBL-010CDL:SC-PID-82363:FB_Step
HBL-010CDL:Cryo-PID-82363:FB_Manipulated;HBL-010CDL:SC-PID-82363:FB_Manipulated
HBL-010CDL:Cryo-PID-82363:FB_Gain 1Hz;HBL-010CDL:SC-PID-82363:FB_Gain 1Hz
HBL-010CDL:Cryo-PID-82363:FB_TI 1Hz;HBL-010CDL:SC-PID-82363:FB_TI 1Hz
HBL-010CDL:Cryo-PID-82363:FB_TD 1Hz;HBL-010CDL:SC-PID-82363:FB_TD 1Hz
HBL-010CDL:Cryo-PID-82363:FB_DEADB 1Hz;HBL-010CDL:SC-PID-82363:FB_DEADB 1Hz
HBL-010CDL:Cryo-PID-82363:FB_LMN_HLIM 1Hz;HBL-010CDL:SC-PID-82363:FB_LMN_HLIM 1Hz
HBL-010CDL:Cryo-PID-82363:FB_LMN_LLIM 1Hz;HBL-010CDL:SC-PID-82363:FB_LMN_LLIM 1Hz
HBL-010CDL:Cryo-PID-82363:FB_Gain_1 1Hz;HBL-010CDL:SC-PID-82363:FB_Gain_1 1Hz
HBL-010CDL:Cryo-PID-82363:FB_TI_1 1Hz;HBL-010CDL:SC-PID-82363:FB_TI_1 1Hz
HBL-010CDL:Cryo-PID-82363:FB_TD_1 1Hz;HBL-010CDL:SC-PID-82363:FB_TD_1 1Hz
HBL-010CDL:Cryo-PID-82363:FB_DEADB_1 1Hz;HBL-010CDL:SC-PID-82363:FB_DEADB_1 1Hz
HBL-010CDL:Cryo-PID-82363:FB_LMN_HLIM_1 1Hz;HBL-010CDL:SC-PID-82363:FB_LMN_HLIM_1 1Hz
HBL-010CDL:Cryo-PID-82363:FB_LMN_LLIM_1 1Hz;HBL-010CDL:SC-PID-82363:FB_LMN_LLIM_1 1Hz
HBL-010CDL:Cryo-PID-82363:FB_Gain_2 1Hz;HBL-010CDL:SC-PID-82363:FB_Gain_2 1Hz
HBL-010CDL:Cryo-PID-82363:FB_TI_2 1Hz;HBL-010CDL:SC-PID-82363:FB_TI_2 1Hz
HBL-010CDL:Cryo-PID-82363:FB_TD_2 1Hz;HBL-010CDL:SC-PID-82363:FB_TD_2 1Hz
HBL-010CDL:Cryo-PID-82363:FB_DEADB_2 1Hz;HBL-010CDL:SC-PID-82363:FB_DEADB_2 1Hz
HBL-010CDL:Cryo-PID-82363:FB_LMN_HLIM_2 1Hz;HBL-010CDL:SC-PID-82363:FB_LMN_HLIM_2 1Hz
HBL-010CDL:Cryo-PID-82363:FB_LMN_LLIM_2 1Hz;HBL-010CDL:SC-PID-82363:FB_LMN_LLIM_2 1Hz
HBL-010CDL:Cryo-PID-82363:FB_Gain_3 1Hz;HBL-010CDL:SC-PID-82363:FB_Gain_3 1Hz
HBL-010CDL:Cryo-PID-82363:FB_TI_3 1Hz;HBL-010CDL:SC-PID-82363:FB_TI_3 1Hz
HBL-010CDL:Cryo-PID-82363:FB_TD_3 1Hz;HBL-010CDL:SC-PID-82363:FB_TD_3 1Hz
HBL-010CDL:Cryo-PID-82363:FB_DEADB_3 1Hz;HBL-010CDL:SC-PID-82363:FB_DEADB_3 1Hz
HBL-010CDL:Cryo-PID-82363:FB_LMN_HLIM_3 1Hz;HBL-010CDL:SC-PID-82363:FB_LMN_HLIM_3 1Hz
HBL-010CDL:Cryo-PID-82363:FB_LMN_LLIM_3 1Hz;HBL-010CDL:SC-PID-82363:FB_LMN_LLIM_3 1Hz
HBL-010Crm:Cryo-PID-001:SelectedPV;HBL-010Crm:SC-PID-001:SelectedPV
HBL-010Crm:Cryo-PID-001:LMN;HBL-010Crm:SC-PID-001:LMN
HBL-010Crm:Cryo-PID-001:LMN_P;HBL-010Crm:SC-PID-001:LMN_P
HBL-010Crm:Cryo-PID-001:LMN_I;HBL-010Crm:SC-PID-001:LMN_I
HBL-010Crm:Cryo-PID-001:LMN_D;HBL-010Crm:SC-PID-001:LMN_D
HBL-010Crm:Cryo-PID-001:PID_DIF;HBL-010Crm:SC-PID-001:PID_DIF
HBL-010Crm:Cryo-PID-001:PV;HBL-010Crm:SC-PID-001:PV
HBL-010Crm:Cryo-PID-001:MAN_SP;HBL-010Crm:SC-PID-001:MAN_SP
HBL-010Crm:Cryo-PID-001:ProcValueName;HBL-010Crm:SC-PID-001:ProcValueName
HBL-010Crm:Cryo-PID-001:ProcValueEGU;HBL-010Crm:SC-PID-001:ProcValueEGU
HBL-010Crm:Cryo-PID-001:Meas1_Name;HBL-010Crm:SC-PID-001:Meas1_Name
HBL-010Crm:Cryo-PID-001:Meas2_Name;HBL-010Crm:SC-PID-001:Meas2_Name
HBL-010Crm:Cryo-PID-001:Meas3_Name;HBL-010Crm:SC-PID-001:Meas3_Name
HBL-010Crm:Cryo-PID-001:MoveInterlock;HBL-010Crm:SC-PID-001:MoveInterlock
HBL-010Crm:Cryo-PID-001:FB_Setpoint;HBL-010Crm:SC-PID-001:FB_Setpoint
HBL-010Crm:Cryo-PID-001:FB_Step;HBL-010Crm:SC-PID-001:FB_Step
HBL-010Crm:Cryo-PID-001:FB_Manipulated;HBL-010Crm:SC-PID-001:FB_Manipulated
HBL-010Crm:Cryo-PID-001:FB_Gain 1Hz;HBL-010Crm:SC-PID-001:FB_Gain 1Hz
HBL-010Crm:Cryo-PID-001:FB_TI 1Hz;HBL-010Crm:SC-PID-001:FB_TI 1Hz
HBL-010Crm:Cryo-PID-001:FB_TD 1Hz;HBL-010Crm:SC-PID-001:FB_TD 1Hz
HBL-010Crm:Cryo-PID-001:FB_DEADB 1Hz;HBL-010Crm:SC-PID-001:FB_DEADB 1Hz
HBL-010Crm:Cryo-PID-001:FB_LMN_HLIM 1Hz;HBL-010Crm:SC-PID-001:FB_LMN_HLIM 1Hz
HBL-010Crm:Cryo-PID-001:FB_LMN_LLIM 1Hz;HBL-010Crm:SC-PID-001:FB_LMN_LLIM 1Hz
HBL-010Crm:Cryo-PID-001:FB_Gain_1 1Hz;HBL-010Crm:SC-PID-001:FB_Gain_1 1Hz
HBL-010Crm:Cryo-PID-001:FB_TI_1 1Hz;HBL-010Crm:SC-PID-001:FB_TI_1 1Hz
HBL-010Crm:Cryo-PID-001:FB_TD_1 1Hz;HBL-010Crm:SC-PID-001:FB_TD_1 1Hz
HBL-010Crm:Cryo-PID-001:FB_DEADB_1 1Hz;HBL-010Crm:SC-PID-001:FB_DEADB_1 1Hz
HBL-010Crm:Cryo-PID-001:FB_LMN_HLIM_1 1Hz;HBL-010Crm:SC-PID-001:FB_LMN_HLIM_1 1Hz
HBL-010Crm:Cryo-PID-001:FB_LMN_LLIM_1 1Hz;HBL-010Crm:SC-PID-001:FB_LMN_LLIM_1 1Hz
HBL-010Crm:Cryo-PID-001:FB_Gain_2 1Hz;HBL-010Crm:SC-PID-001:FB_Gain_2 1Hz
HBL-010Crm:Cryo-PID-001:FB_TI_2 1Hz;HBL-010Crm:SC-PID-001:FB_TI_2 1Hz
HBL-010Crm:Cryo-PID-001:FB_TD_2 1Hz;HBL-010Crm:SC-PID-001:FB_TD_2 1Hz
HBL-010Crm:Cryo-PID-001:FB_DEADB_2 1Hz;HBL-010Crm:SC-PID-001:FB_DEADB_2 1Hz
HBL-010Crm:Cryo-PID-001:FB_LMN_HLIM_2 1Hz;HBL-010Crm:SC-PID-001:FB_LMN_HLIM_2 1Hz
HBL-010Crm:Cryo-PID-001:FB_LMN_LLIM_2 1Hz;HBL-010Crm:SC-PID-001:FB_LMN_LLIM_2 1Hz
HBL-010Crm:Cryo-PID-001:FB_Gain_3 1Hz;HBL-010Crm:SC-PID-001:FB_Gain_3 1Hz
HBL-010Crm:Cryo-PID-001:FB_TI_3 1Hz;HBL-010Crm:SC-PID-001:FB_TI_3 1Hz
HBL-010Crm:Cryo-PID-001:FB_TD_3 1Hz;HBL-010Crm:SC-PID-001:FB_TD_3 1Hz
HBL-010Crm:Cryo-PID-001:FB_DEADB_3 1Hz;HBL-010Crm:SC-PID-001:FB_DEADB_3 1Hz
HBL-010Crm:Cryo-PID-001:FB_LMN_HLIM_3 1Hz;HBL-010Crm:SC-PID-001:FB_LMN_HLIM_3 1Hz
HBL-010Crm:Cryo-PID-001:FB_LMN_LLIM_3 1Hz;HBL-010Crm:SC-PID-001:FB_LMN_LLIM_3 1Hz
HBL-010Crm:Cryo-PID-002:SelectedPV;HBL-010Crm:SC-PID-002:SelectedPV
HBL-010Crm:Cryo-PID-002:LMN;HBL-010Crm:SC-PID-002:LMN
HBL-010Crm:Cryo-PID-002:LMN_P;HBL-010Crm:SC-PID-002:LMN_P
HBL-010Crm:Cryo-PID-002:LMN_I;HBL-010Crm:SC-PID-002:LMN_I
HBL-010Crm:Cryo-PID-002:LMN_D;HBL-010Crm:SC-PID-002:LMN_D
HBL-010Crm:Cryo-PID-002:PID_DIF;HBL-010Crm:SC-PID-002:PID_DIF
HBL-010Crm:Cryo-PID-002:PV;HBL-010Crm:SC-PID-002:PV
HBL-010Crm:Cryo-PID-002:MAN_SP;HBL-010Crm:SC-PID-002:MAN_SP
HBL-010Crm:Cryo-PID-002:ProcValueName;HBL-010Crm:SC-PID-002:ProcValueName
HBL-010Crm:Cryo-PID-002:ProcValueEGU;HBL-010Crm:SC-PID-002:ProcValueEGU
HBL-010Crm:Cryo-PID-002:Meas1_Name;HBL-010Crm:SC-PID-002:Meas1_Name
HBL-010Crm:Cryo-PID-002:Meas2_Name;HBL-010Crm:SC-PID-002:Meas2_Name
HBL-010Crm:Cryo-PID-002:Meas3_Name;HBL-010Crm:SC-PID-002:Meas3_Name
HBL-010Crm:Cryo-PID-002:MoveInterlock;HBL-010Crm:SC-PID-002:MoveInterlock
HBL-010Crm:Cryo-PID-002:FB_Setpoint;HBL-010Crm:SC-PID-002:FB_Setpoint
HBL-010Crm:Cryo-PID-002:FB_Step;HBL-010Crm:SC-PID-002:FB_Step
HBL-010Crm:Cryo-PID-002:FB_Manipulated;HBL-010Crm:SC-PID-002:FB_Manipulated
HBL-010Crm:Cryo-PID-002:FB_Gain 1Hz;HBL-010Crm:SC-PID-002:FB_Gain 1Hz
HBL-010Crm:Cryo-PID-002:FB_TI 1Hz;HBL-010Crm:SC-PID-002:FB_TI 1Hz
HBL-010Crm:Cryo-PID-002:FB_TD 1Hz;HBL-010Crm:SC-PID-002:FB_TD 1Hz
HBL-010Crm:Cryo-PID-002:FB_DEADB 1Hz;HBL-010Crm:SC-PID-002:FB_DEADB 1Hz
HBL-010Crm:Cryo-PID-002:FB_LMN_HLIM 1Hz;HBL-010Crm:SC-PID-002:FB_LMN_HLIM 1Hz
HBL-010Crm:Cryo-PID-002:FB_LMN_LLIM 1Hz;HBL-010Crm:SC-PID-002:FB_LMN_LLIM 1Hz
HBL-010Crm:Cryo-PID-002:FB_Gain_1 1Hz;HBL-010Crm:SC-PID-002:FB_Gain_1 1Hz
HBL-010Crm:Cryo-PID-002:FB_TI_1 1Hz;HBL-010Crm:SC-PID-002:FB_TI_1 1Hz
HBL-010Crm:Cryo-PID-002:FB_TD_1 1Hz;HBL-010Crm:SC-PID-002:FB_TD_1 1Hz
HBL-010Crm:Cryo-PID-002:FB_DEADB_1 1Hz;HBL-010Crm:SC-PID-002:FB_DEADB_1 1Hz
HBL-010Crm:Cryo-PID-002:FB_LMN_HLIM_1 1Hz;HBL-010Crm:SC-PID-002:FB_LMN_HLIM_1 1Hz
HBL-010Crm:Cryo-PID-002:FB_LMN_LLIM_1 1Hz;HBL-010Crm:SC-PID-002:FB_LMN_LLIM_1 1Hz
HBL-010Crm:Cryo-PID-002:FB_Gain_2 1Hz;HBL-010Crm:SC-PID-002:FB_Gain_2 1Hz
HBL-010Crm:Cryo-PID-002:FB_TI_2 1Hz;HBL-010Crm:SC-PID-002:FB_TI_2 1Hz
HBL-010Crm:Cryo-PID-002:FB_TD_2 1Hz;HBL-010Crm:SC-PID-002:FB_TD_2 1Hz
HBL-010Crm:Cryo-PID-002:FB_DEADB_2 1Hz;HBL-010Crm:SC-PID-002:FB_DEADB_2 1Hz
HBL-010Crm:Cryo-PID-002:FB_LMN_HLIM_2 1Hz;HBL-010Crm:SC-PID-002:FB_LMN_HLIM_2 1Hz
HBL-010Crm:Cryo-PID-002:FB_LMN_LLIM_2 1Hz;HBL-010Crm:SC-PID-002:FB_LMN_LLIM_2 1Hz
HBL-010Crm:Cryo-PID-002:FB_Gain_3 1Hz;HBL-010Crm:SC-PID-002:FB_Gain_3 1Hz
HBL-010Crm:Cryo-PID-002:FB_TI_3 1Hz;HBL-010Crm:SC-PID-002:FB_TI_3 1Hz
HBL-010Crm:Cryo-PID-002:FB_TD_3 1Hz;HBL-010Crm:SC-PID-002:FB_TD_3 1Hz
HBL-010Crm:Cryo-PID-002:FB_DEADB_3 1Hz;HBL-010Crm:SC-PID-002:FB_DEADB_3 1Hz
HBL-010Crm:Cryo-PID-002:FB_LMN_HLIM_3 1Hz;HBL-010Crm:SC-PID-002:FB_LMN_HLIM_3 1Hz
HBL-010Crm:Cryo-PID-002:FB_LMN_LLIM_3 1Hz;HBL-010Crm:SC-PID-002:FB_LMN_LLIM_3 1Hz
HBL-010Crm:Cryo-PID-011:SelectedPV;HBL-010Crm:SC-PID-011:SelectedPV
HBL-010Crm:Cryo-PID-011:LMN;HBL-010Crm:SC-PID-011:LMN
HBL-010Crm:Cryo-PID-011:LMN_P;HBL-010Crm:SC-PID-011:LMN_P
HBL-010Crm:Cryo-PID-011:LMN_I;HBL-010Crm:SC-PID-011:LMN_I
HBL-010Crm:Cryo-PID-011:LMN_D;HBL-010Crm:SC-PID-011:LMN_D
HBL-010Crm:Cryo-PID-011:PID_DIF;HBL-010Crm:SC-PID-011:PID_DIF
HBL-010Crm:Cryo-PID-011:PV;HBL-010Crm:SC-PID-011:PV
HBL-010Crm:Cryo-PID-011:MAN_SP;HBL-010Crm:SC-PID-011:MAN_SP
HBL-010Crm:Cryo-PID-011:ProcValueName;HBL-010Crm:SC-PID-011:ProcValueName
HBL-010Crm:Cryo-PID-011:ProcValueEGU;HBL-010Crm:SC-PID-011:ProcValueEGU
HBL-010Crm:Cryo-PID-011:Meas1_Name;HBL-010Crm:SC-PID-011:Meas1_Name
HBL-010Crm:Cryo-PID-011:Meas2_Name;HBL-010Crm:SC-PID-011:Meas2_Name
HBL-010Crm:Cryo-PID-011:Meas3_Name;HBL-010Crm:SC-PID-011:Meas3_Name
HBL-010Crm:Cryo-PID-011:MoveInterlock;HBL-010Crm:SC-PID-011:MoveInterlock
HBL-010Crm:Cryo-PID-011:FB_Setpoint;HBL-010Crm:SC-PID-011:FB_Setpoint
HBL-010Crm:Cryo-PID-011:FB_Step;HBL-010Crm:SC-PID-011:FB_Step
HBL-010Crm:Cryo-PID-011:FB_Manipulated;HBL-010Crm:SC-PID-011:FB_Manipulated
HBL-010Crm:Cryo-PID-011:FB_Gain 1Hz;HBL-010Crm:SC-PID-011:FB_Gain 1Hz
HBL-010Crm:Cryo-PID-011:FB_TI 1Hz;HBL-010Crm:SC-PID-011:FB_TI 1Hz
HBL-010Crm:Cryo-PID-011:FB_TD 1Hz;HBL-010Crm:SC-PID-011:FB_TD 1Hz
HBL-010Crm:Cryo-PID-011:FB_DEADB 1Hz;HBL-010Crm:SC-PID-011:FB_DEADB 1Hz
HBL-010Crm:Cryo-PID-011:FB_LMN_HLIM 1Hz;HBL-010Crm:SC-PID-011:FB_LMN_HLIM 1Hz
HBL-010Crm:Cryo-PID-011:FB_LMN_LLIM 1Hz;HBL-010Crm:SC-PID-011:FB_LMN_LLIM 1Hz
HBL-010Crm:Cryo-PID-011:FB_Gain_1 1Hz;HBL-010Crm:SC-PID-011:FB_Gain_1 1Hz
HBL-010Crm:Cryo-PID-011:FB_TI_1 1Hz;HBL-010Crm:SC-PID-011:FB_TI_1 1Hz
HBL-010Crm:Cryo-PID-011:FB_TD_1 1Hz;HBL-010Crm:SC-PID-011:FB_TD_1 1Hz
HBL-010Crm:Cryo-PID-011:FB_DEADB_1 1Hz;HBL-010Crm:SC-PID-011:FB_DEADB_1 1Hz
HBL-010Crm:Cryo-PID-011:FB_LMN_HLIM_1 1Hz;HBL-010Crm:SC-PID-011:FB_LMN_HLIM_1 1Hz
HBL-010Crm:Cryo-PID-011:FB_LMN_LLIM_1 1Hz;HBL-010Crm:SC-PID-011:FB_LMN_LLIM_1 1Hz
HBL-010Crm:Cryo-PID-011:FB_Gain_2 1Hz;HBL-010Crm:SC-PID-011:FB_Gain_2 1Hz
HBL-010Crm:Cryo-PID-011:FB_TI_2 1Hz;HBL-010Crm:SC-PID-011:FB_TI_2 1Hz
HBL-010Crm:Cryo-PID-011:FB_TD_2 1Hz;HBL-010Crm:SC-PID-011:FB_TD_2 1Hz
HBL-010Crm:Cryo-PID-011:FB_DEADB_2 1Hz;HBL-010Crm:SC-PID-011:FB_DEADB_2 1Hz
HBL-010Crm:Cryo-PID-011:FB_LMN_HLIM_2 1Hz;HBL-010Crm:SC-PID-011:FB_LMN_HLIM_2 1Hz
HBL-010Crm:Cryo-PID-011:FB_LMN_LLIM_2 1Hz;HBL-010Crm:SC-PID-011:FB_LMN_LLIM_2 1Hz
HBL-010Crm:Cryo-PID-011:FB_Gain_3 1Hz;HBL-010Crm:SC-PID-011:FB_Gain_3 1Hz
HBL-010Crm:Cryo-PID-011:FB_TI_3 1Hz;HBL-010Crm:SC-PID-011:FB_TI_3 1Hz
HBL-010Crm:Cryo-PID-011:FB_TD_3 1Hz;HBL-010Crm:SC-PID-011:FB_TD_3 1Hz
HBL-010Crm:Cryo-PID-011:FB_DEADB_3 1Hz;HBL-010Crm:SC-PID-011:FB_DEADB_3 1Hz
HBL-010Crm:Cryo-PID-011:FB_LMN_HLIM_3 1Hz;HBL-010Crm:SC-PID-011:FB_LMN_HLIM_3 1Hz
HBL-010Crm:Cryo-PID-011:FB_LMN_LLIM_3 1Hz;HBL-010Crm:SC-PID-011:FB_LMN_LLIM_3 1Hz
HBL-010Crm:Cryo-PID-021:SelectedPV;HBL-010Crm:SC-PID-021:SelectedPV
HBL-010Crm:Cryo-PID-021:LMN;HBL-010Crm:SC-PID-021:LMN
HBL-010Crm:Cryo-PID-021:LMN_P;HBL-010Crm:SC-PID-021:LMN_P
HBL-010Crm:Cryo-PID-021:LMN_I;HBL-010Crm:SC-PID-021:LMN_I
HBL-010Crm:Cryo-PID-021:LMN_D;HBL-010Crm:SC-PID-021:LMN_D
HBL-010Crm:Cryo-PID-021:PID_DIF;HBL-010Crm:SC-PID-021:PID_DIF
HBL-010Crm:Cryo-PID-021:PV;HBL-010Crm:SC-PID-021:PV
HBL-010Crm:Cryo-PID-021:MAN_SP;HBL-010Crm:SC-PID-021:MAN_SP
HBL-010Crm:Cryo-PID-021:ProcValueName;HBL-010Crm:SC-PID-021:ProcValueName
HBL-010Crm:Cryo-PID-021:ProcValueEGU;HBL-010Crm:SC-PID-021:ProcValueEGU
HBL-010Crm:Cryo-PID-021:Meas1_Name;HBL-010Crm:SC-PID-021:Meas1_Name
HBL-010Crm:Cryo-PID-021:Meas2_Name;HBL-010Crm:SC-PID-021:Meas2_Name
HBL-010Crm:Cryo-PID-021:Meas3_Name;HBL-010Crm:SC-PID-021:Meas3_Name
HBL-010Crm:Cryo-PID-021:MoveInterlock;HBL-010Crm:SC-PID-021:MoveInterlock
HBL-010Crm:Cryo-PID-021:FB_Setpoint;HBL-010Crm:SC-PID-021:FB_Setpoint
HBL-010Crm:Cryo-PID-021:FB_Step;HBL-010Crm:SC-PID-021:FB_Step
HBL-010Crm:Cryo-PID-021:FB_Manipulated;HBL-010Crm:SC-PID-021:FB_Manipulated
HBL-010Crm:Cryo-PID-021:FB_Gain 1Hz;HBL-010Crm:SC-PID-021:FB_Gain 1Hz
HBL-010Crm:Cryo-PID-021:FB_TI 1Hz;HBL-010Crm:SC-PID-021:FB_TI 1Hz
HBL-010Crm:Cryo-PID-021:FB_TD 1Hz;HBL-010Crm:SC-PID-021:FB_TD 1Hz
HBL-010Crm:Cryo-PID-021:FB_DEADB 1Hz;HBL-010Crm:SC-PID-021:FB_DEADB 1Hz
HBL-010Crm:Cryo-PID-021:FB_LMN_HLIM 1Hz;HBL-010Crm:SC-PID-021:FB_LMN_HLIM 1Hz
HBL-010Crm:Cryo-PID-021:FB_LMN_LLIM 1Hz;HBL-010Crm:SC-PID-021:FB_LMN_LLIM 1Hz
HBL-010Crm:Cryo-PID-021:FB_Gain_1 1Hz;HBL-010Crm:SC-PID-021:FB_Gain_1 1Hz
HBL-010Crm:Cryo-PID-021:FB_TI_1 1Hz;HBL-010Crm:SC-PID-021:FB_TI_1 1Hz
HBL-010Crm:Cryo-PID-021:FB_TD_1 1Hz;HBL-010Crm:SC-PID-021:FB_TD_1 1Hz
HBL-010Crm:Cryo-PID-021:FB_DEADB_1 1Hz;HBL-010Crm:SC-PID-021:FB_DEADB_1 1Hz
HBL-010Crm:Cryo-PID-021:FB_LMN_HLIM_1 1Hz;HBL-010Crm:SC-PID-021:FB_LMN_HLIM_1 1Hz
HBL-010Crm:Cryo-PID-021:FB_LMN_LLIM_1 1Hz;HBL-010Crm:SC-PID-021:FB_LMN_LLIM_1 1Hz
HBL-010Crm:Cryo-PID-021:FB_Gain_2 1Hz;HBL-010Crm:SC-PID-021:FB_Gain_2 1Hz
HBL-010Crm:Cryo-PID-021:FB_TI_2 1Hz;HBL-010Crm:SC-PID-021:FB_TI_2 1Hz
HBL-010Crm:Cryo-PID-021:FB_TD_2 1Hz;HBL-010Crm:SC-PID-021:FB_TD_2 1Hz
HBL-010Crm:Cryo-PID-021:FB_DEADB_2 1Hz;HBL-010Crm:SC-PID-021:FB_DEADB_2 1Hz
HBL-010Crm:Cryo-PID-021:FB_LMN_HLIM_2 1Hz;HBL-010Crm:SC-PID-021:FB_LMN_HLIM_2 1Hz
HBL-010Crm:Cryo-PID-021:FB_LMN_LLIM_2 1Hz;HBL-010Crm:SC-PID-021:FB_LMN_LLIM_2 1Hz
HBL-010Crm:Cryo-PID-021:FB_Gain_3 1Hz;HBL-010Crm:SC-PID-021:FB_Gain_3 1Hz
HBL-010Crm:Cryo-PID-021:FB_TI_3 1Hz;HBL-010Crm:SC-PID-021:FB_TI_3 1Hz
HBL-010Crm:Cryo-PID-021:FB_TD_3 1Hz;HBL-010Crm:SC-PID-021:FB_TD_3 1Hz
HBL-010Crm:Cryo-PID-021:FB_DEADB_3 1Hz;HBL-010Crm:SC-PID-021:FB_DEADB_3 1Hz
HBL-010Crm:Cryo-PID-021:FB_LMN_HLIM_3 1Hz;HBL-010Crm:SC-PID-021:FB_LMN_HLIM_3 1Hz
HBL-010Crm:Cryo-PID-021:FB_LMN_LLIM_3 1Hz;HBL-010Crm:SC-PID-021:FB_LMN_LLIM_3 1Hz
HBL-010Crm:Cryo-PID-031:SelectedPV;HBL-010Crm:SC-PID-031:SelectedPV
HBL-010Crm:Cryo-PID-031:LMN;HBL-010Crm:SC-PID-031:LMN
HBL-010Crm:Cryo-PID-031:LMN_P;HBL-010Crm:SC-PID-031:LMN_P
HBL-010Crm:Cryo-PID-031:LMN_I;HBL-010Crm:SC-PID-031:LMN_I
HBL-010Crm:Cryo-PID-031:LMN_D;HBL-010Crm:SC-PID-031:LMN_D
HBL-010Crm:Cryo-PID-031:PID_DIF;HBL-010Crm:SC-PID-031:PID_DIF
HBL-010Crm:Cryo-PID-031:PV;HBL-010Crm:SC-PID-031:PV
HBL-010Crm:Cryo-PID-031:MAN_SP;HBL-010Crm:SC-PID-031:MAN_SP
HBL-010Crm:Cryo-PID-031:ProcValueName;HBL-010Crm:SC-PID-031:ProcValueName
HBL-010Crm:Cryo-PID-031:ProcValueEGU;HBL-010Crm:SC-PID-031:ProcValueEGU
HBL-010Crm:Cryo-PID-031:Meas1_Name;HBL-010Crm:SC-PID-031:Meas1_Name
HBL-010Crm:Cryo-PID-031:Meas2_Name;HBL-010Crm:SC-PID-031:Meas2_Name
HBL-010Crm:Cryo-PID-031:Meas3_Name;HBL-010Crm:SC-PID-031:Meas3_Name
HBL-010Crm:Cryo-PID-031:MoveInterlock;HBL-010Crm:SC-PID-031:MoveInterlock
HBL-010Crm:Cryo-PID-031:FB_Setpoint;HBL-010Crm:SC-PID-031:FB_Setpoint
HBL-010Crm:Cryo-PID-031:FB_Step;HBL-010Crm:SC-PID-031:FB_Step
HBL-010Crm:Cryo-PID-031:FB_Manipulated;HBL-010Crm:SC-PID-031:FB_Manipulated
HBL-010Crm:Cryo-PID-031:FB_Gain 1Hz;HBL-010Crm:SC-PID-031:FB_Gain 1Hz
HBL-010Crm:Cryo-PID-031:FB_TI 1Hz;HBL-010Crm:SC-PID-031:FB_TI 1Hz
HBL-010Crm:Cryo-PID-031:FB_TD 1Hz;HBL-010Crm:SC-PID-031:FB_TD 1Hz
HBL-010Crm:Cryo-PID-031:FB_DEADB 1Hz;HBL-010Crm:SC-PID-031:FB_DEADB 1Hz
HBL-010Crm:Cryo-PID-031:FB_LMN_HLIM 1Hz;HBL-010Crm:SC-PID-031:FB_LMN_HLIM 1Hz
HBL-010Crm:Cryo-PID-031:FB_LMN_LLIM 1Hz;HBL-010Crm:SC-PID-031:FB_LMN_LLIM 1Hz
HBL-010Crm:Cryo-PID-031:FB_Gain_1 1Hz;HBL-010Crm:SC-PID-031:FB_Gain_1 1Hz
HBL-010Crm:Cryo-PID-031:FB_TI_1 1Hz;HBL-010Crm:SC-PID-031:FB_TI_1 1Hz
HBL-010Crm:Cryo-PID-031:FB_TD_1 1Hz;HBL-010Crm:SC-PID-031:FB_TD_1 1Hz
HBL-010Crm:Cryo-PID-031:FB_DEADB_1 1Hz;HBL-010Crm:SC-PID-031:FB_DEADB_1 1Hz
HBL-010Crm:Cryo-PID-031:FB_LMN_HLIM_1 1Hz;HBL-010Crm:SC-PID-031:FB_LMN_HLIM_1 1Hz
HBL-010Crm:Cryo-PID-031:FB_LMN_LLIM_1 1Hz;HBL-010Crm:SC-PID-031:FB_LMN_LLIM_1 1Hz
HBL-010Crm:Cryo-PID-031:FB_Gain_2 1Hz;HBL-010Crm:SC-PID-031:FB_Gain_2 1Hz
HBL-010Crm:Cryo-PID-031:FB_TI_2 1Hz;HBL-010Crm:SC-PID-031:FB_TI_2 1Hz
HBL-010Crm:Cryo-PID-031:FB_TD_2 1Hz;HBL-010Crm:SC-PID-031:FB_TD_2 1Hz
HBL-010Crm:Cryo-PID-031:FB_DEADB_2 1Hz;HBL-010Crm:SC-PID-031:FB_DEADB_2 1Hz
HBL-010Crm:Cryo-PID-031:FB_LMN_HLIM_2 1Hz;HBL-010Crm:SC-PID-031:FB_LMN_HLIM_2 1Hz
HBL-010Crm:Cryo-PID-031:FB_LMN_LLIM_2 1Hz;HBL-010Crm:SC-PID-031:FB_LMN_LLIM_2 1Hz
HBL-010Crm:Cryo-PID-031:FB_Gain_3 1Hz;HBL-010Crm:SC-PID-031:FB_Gain_3 1Hz
HBL-010Crm:Cryo-PID-031:FB_TI_3 1Hz;HBL-010Crm:SC-PID-031:FB_TI_3 1Hz
HBL-010Crm:Cryo-PID-031:FB_TD_3 1Hz;HBL-010Crm:SC-PID-031:FB_TD_3 1Hz
HBL-010Crm:Cryo-PID-031:FB_DEADB_3 1Hz;HBL-010Crm:SC-PID-031:FB_DEADB_3 1Hz
HBL-010Crm:Cryo-PID-031:FB_LMN_HLIM_3 1Hz;HBL-010Crm:SC-PID-031:FB_LMN_HLIM_3 1Hz
HBL-010Crm:Cryo-PID-031:FB_LMN_LLIM_3 1Hz;HBL-010Crm:SC-PID-031:FB_LMN_LLIM_3 1Hz
HBL-010Crm:Cryo-PID-041:SelectedPV;HBL-010Crm:SC-PID-041:SelectedPV
HBL-010Crm:Cryo-PID-041:LMN;HBL-010Crm:SC-PID-041:LMN
HBL-010Crm:Cryo-PID-041:LMN_P;HBL-010Crm:SC-PID-041:LMN_P
HBL-010Crm:Cryo-PID-041:LMN_I;HBL-010Crm:SC-PID-041:LMN_I
HBL-010Crm:Cryo-PID-041:LMN_D;HBL-010Crm:SC-PID-041:LMN_D
HBL-010Crm:Cryo-PID-041:PID_DIF;HBL-010Crm:SC-PID-041:PID_DIF
HBL-010Crm:Cryo-PID-041:PV;HBL-010Crm:SC-PID-041:PV
HBL-010Crm:Cryo-PID-041:MAN_SP;HBL-010Crm:SC-PID-041:MAN_SP
HBL-010Crm:Cryo-PID-041:ProcValueName;HBL-010Crm:SC-PID-041:ProcValueName
HBL-010Crm:Cryo-PID-041:ProcValueEGU;HBL-010Crm:SC-PID-041:ProcValueEGU
HBL-010Crm:Cryo-PID-041:Meas1_Name;HBL-010Crm:SC-PID-041:Meas1_Name
HBL-010Crm:Cryo-PID-041:Meas2_Name;HBL-010Crm:SC-PID-041:Meas2_Name
HBL-010Crm:Cryo-PID-041:Meas3_Name;HBL-010Crm:SC-PID-041:Meas3_Name
HBL-010Crm:Cryo-PID-041:MoveInterlock;HBL-010Crm:SC-PID-041:MoveInterlock
HBL-010Crm:Cryo-PID-041:FB_Setpoint;HBL-010Crm:SC-PID-041:FB_Setpoint
HBL-010Crm:Cryo-PID-041:FB_Step;HBL-010Crm:SC-PID-041:FB_Step
HBL-010Crm:Cryo-PID-041:FB_Manipulated;HBL-010Crm:SC-PID-041:FB_Manipulated
HBL-010Crm:Cryo-PID-041:FB_Gain 1Hz;HBL-010Crm:SC-PID-041:FB_Gain 1Hz
HBL-010Crm:Cryo-PID-041:FB_TI 1Hz;HBL-010Crm:SC-PID-041:FB_TI 1Hz
HBL-010Crm:Cryo-PID-041:FB_TD 1Hz;HBL-010Crm:SC-PID-041:FB_TD 1Hz
HBL-010Crm:Cryo-PID-041:FB_DEADB 1Hz;HBL-010Crm:SC-PID-041:FB_DEADB 1Hz
HBL-010Crm:Cryo-PID-041:FB_LMN_HLIM 1Hz;HBL-010Crm:SC-PID-041:FB_LMN_HLIM 1Hz
HBL-010Crm:Cryo-PID-041:FB_LMN_LLIM 1Hz;HBL-010Crm:SC-PID-041:FB_LMN_LLIM 1Hz
HBL-010Crm:Cryo-PID-041:FB_Gain_1 1Hz;HBL-010Crm:SC-PID-041:FB_Gain_1 1Hz
HBL-010Crm:Cryo-PID-041:FB_TI_1 1Hz;HBL-010Crm:SC-PID-041:FB_TI_1 1Hz
HBL-010Crm:Cryo-PID-041:FB_TD_1 1Hz;HBL-010Crm:SC-PID-041:FB_TD_1 1Hz
HBL-010Crm:Cryo-PID-041:FB_DEADB_1 1Hz;HBL-010Crm:SC-PID-041:FB_DEADB_1 1Hz
HBL-010Crm:Cryo-PID-041:FB_LMN_HLIM_1 1Hz;HBL-010Crm:SC-PID-041:FB_LMN_HLIM_1 1Hz
HBL-010Crm:Cryo-PID-041:FB_LMN_LLIM_1 1Hz;HBL-010Crm:SC-PID-041:FB_LMN_LLIM_1 1Hz
HBL-010Crm:Cryo-PID-041:FB_Gain_2 1Hz;HBL-010Crm:SC-PID-041:FB_Gain_2 1Hz
HBL-010Crm:Cryo-PID-041:FB_TI_2 1Hz;HBL-010Crm:SC-PID-041:FB_TI_2 1Hz
HBL-010Crm:Cryo-PID-041:FB_TD_2 1Hz;HBL-010Crm:SC-PID-041:FB_TD_2 1Hz
HBL-010Crm:Cryo-PID-041:FB_DEADB_2 1Hz;HBL-010Crm:SC-PID-041:FB_DEADB_2 1Hz
HBL-010Crm:Cryo-PID-041:FB_LMN_HLIM_2 1Hz;HBL-010Crm:SC-PID-041:FB_LMN_HLIM_2 1Hz
HBL-010Crm:Cryo-PID-041:FB_LMN_LLIM_2 1Hz;HBL-010Crm:SC-PID-041:FB_LMN_LLIM_2 1Hz
HBL-010Crm:Cryo-PID-041:FB_Gain_3 1Hz;HBL-010Crm:SC-PID-041:FB_Gain_3 1Hz
HBL-010Crm:Cryo-PID-041:FB_TI_3 1Hz;HBL-010Crm:SC-PID-041:FB_TI_3 1Hz
HBL-010Crm:Cryo-PID-041:FB_TD_3 1Hz;HBL-010Crm:SC-PID-041:FB_TD_3 1Hz
HBL-010Crm:Cryo-PID-041:FB_DEADB_3 1Hz;HBL-010Crm:SC-PID-041:FB_DEADB_3 1Hz
HBL-010Crm:Cryo-PID-041:FB_LMN_HLIM_3 1Hz;HBL-010Crm:SC-PID-041:FB_LMN_HLIM_3 1Hz
HBL-010Crm:Cryo-PID-041:FB_LMN_LLIM_3 1Hz;HBL-010Crm:SC-PID-041:FB_LMN_LLIM_3 1Hz
HBL-010Crm:Cryo-PID-071:SelectedPV;Delete
HBL-010Crm:Cryo-PID-071:LMN;Delete
HBL-010Crm:Cryo-PID-071:LMN_P;Delete
HBL-010Crm:Cryo-PID-071:LMN_I;Delete
HBL-010Crm:Cryo-PID-071:LMN_D;Delete
HBL-010Crm:Cryo-PID-071:PID_DIF;Delete
HBL-010Crm:Cryo-PID-071:PV;Delete
HBL-010Crm:Cryo-PID-071:MAN_SP;Delete
HBL-010Crm:Cryo-PID-071:ProcValueName;Delete
HBL-010Crm:Cryo-PID-071:ProcValueEGU;Delete
HBL-010Crm:Cryo-PID-071:Meas1_Name;Delete
HBL-010Crm:Cryo-PID-071:Meas2_Name;Delete
HBL-010Crm:Cryo-PID-071:Meas3_Name;Delete
HBL-010Crm:Cryo-PID-071:MoveInterlock;Delete
HBL-010Crm:Cryo-PID-071:FB_Setpoint;Delete
HBL-010Crm:Cryo-PID-071:FB_Step;Delete
HBL-010Crm:Cryo-PID-071:FB_Manipulated;Delete
HBL-010Crm:Cryo-PID-071:FB_Gain 1Hz;Delete
HBL-010Crm:Cryo-PID-071:FB_TI 1Hz;Delete
HBL-010Crm:Cryo-PID-071:FB_TD 1Hz;Delete
HBL-010Crm:Cryo-PID-071:FB_DEADB 1Hz;Delete
HBL-010Crm:Cryo-PID-071:FB_LMN_HLIM 1Hz;Delete
HBL-010Crm:Cryo-PID-071:FB_LMN_LLIM 1Hz;Delete
HBL-010Crm:Cryo-PID-071:FB_Gain_1 1Hz;Delete
HBL-010Crm:Cryo-PID-071:FB_TI_1 1Hz;Delete
HBL-010Crm:Cryo-PID-071:FB_TD_1 1Hz;Delete
HBL-010Crm:Cryo-PID-071:FB_DEADB_1 1Hz;Delete
HBL-010Crm:Cryo-PID-071:FB_LMN_HLIM_1 1Hz;Delete
HBL-010Crm:Cryo-PID-071:FB_LMN_LLIM_1 1Hz;Delete
HBL-010Crm:Cryo-PID-071:FB_Gain_2 1Hz;Delete
HBL-010Crm:Cryo-PID-071:FB_TI_2 1Hz;Delete
HBL-010Crm:Cryo-PID-071:FB_TD_2 1Hz;Delete
HBL-010Crm:Cryo-PID-071:FB_DEADB_2 1Hz;Delete
HBL-010Crm:Cryo-PID-071:FB_LMN_HLIM_2 1Hz;Delete
HBL-010Crm:Cryo-PID-071:FB_LMN_LLIM_2 1Hz;Delete
HBL-010Crm:Cryo-PID-071:FB_Gain_3 1Hz;Delete
HBL-010Crm:Cryo-PID-071:FB_TI_3 1Hz;Delete
HBL-010Crm:Cryo-PID-071:FB_TD_3 1Hz;Delete
HBL-010Crm:Cryo-PID-071:FB_DEADB_3 1Hz;Delete
HBL-010Crm:Cryo-PID-071:FB_LMN_HLIM_3 1Hz;Delete
HBL-010Crm:Cryo-PID-071:FB_LMN_LLIM_3 1Hz;Delete
HBL-010Crm:Cryo-PID-091:SelectedPV;Delete
HBL-010Crm:Cryo-PID-091:LMN;Delete
HBL-010Crm:Cryo-PID-091:LMN_P;Delete
HBL-010Crm:Cryo-PID-091:LMN_I;Delete
HBL-010Crm:Cryo-PID-091:LMN_D;Delete
HBL-010Crm:Cryo-PID-091:PID_DIF;Delete
HBL-010Crm:Cryo-PID-091:PV;Delete
HBL-010Crm:Cryo-PID-091:MAN_SP;Delete
HBL-010Crm:Cryo-PID-091:ProcValueName;Delete
HBL-010Crm:Cryo-PID-091:ProcValueEGU;Delete
HBL-010Crm:Cryo-PID-091:Meas1_Name;Delete
HBL-010Crm:Cryo-PID-091:Meas2_Name;Delete
HBL-010Crm:Cryo-PID-091:Meas3_Name;Delete
HBL-010Crm:Cryo-PID-091:MoveInterlock;Delete
HBL-010Crm:Cryo-PID-091:FB_Setpoint;Delete
HBL-010Crm:Cryo-PID-091:FB_Step;Delete
HBL-010Crm:Cryo-PID-091:FB_Manipulated;Delete
HBL-010Crm:Cryo-PID-091:FB_Gain 1Hz;Delete
HBL-010Crm:Cryo-PID-091:FB_TI 1Hz;Delete
HBL-010Crm:Cryo-PID-091:FB_TD 1Hz;Delete
HBL-010Crm:Cryo-PID-091:FB_DEADB 1Hz;Delete
HBL-010Crm:Cryo-PID-091:FB_LMN_HLIM 1Hz;Delete
HBL-010Crm:Cryo-PID-091:FB_LMN_LLIM 1Hz;Delete
HBL-010Crm:Cryo-PID-091:FB_Gain_1 1Hz;Delete
HBL-010Crm:Cryo-PID-091:FB_TI_1 1Hz;Delete
HBL-010Crm:Cryo-PID-091:FB_TD_1 1Hz;Delete
HBL-010Crm:Cryo-PID-091:FB_DEADB_1 1Hz;Delete
HBL-010Crm:Cryo-PID-091:FB_LMN_HLIM_1 1Hz;Delete
HBL-010Crm:Cryo-PID-091:FB_LMN_LLIM_1 1Hz;Delete
HBL-010Crm:Cryo-PID-091:FB_Gain_2 1Hz;Delete
HBL-010Crm:Cryo-PID-091:FB_TI_2 1Hz;Delete
HBL-010Crm:Cryo-PID-091:FB_TD_2 1Hz;Delete
HBL-010Crm:Cryo-PID-091:FB_DEADB_2 1Hz;Delete
HBL-010Crm:Cryo-PID-091:FB_LMN_HLIM_2 1Hz;Delete
HBL-010Crm:Cryo-PID-091:FB_LMN_LLIM_2 1Hz;Delete
HBL-010Crm:Cryo-PID-091:FB_Gain_3 1Hz;Delete
HBL-010Crm:Cryo-PID-091:FB_TI_3 1Hz;Delete
HBL-010Crm:Cryo-PID-091:FB_TD_3 1Hz;Delete
HBL-010Crm:Cryo-PID-091:FB_DEADB_3 1Hz;Delete
HBL-010Crm:Cryo-PID-091:FB_LMN_HLIM_3 1Hz;Delete
HBL-010Crm:Cryo-PID-091:FB_LMN_LLIM_3 1Hz;Delete
HBL-010Crm:SC-PID-010:Meas1_Name;HBL-010Crm:SC-PID-010:FeedbackName1
HBL-010Crm:SC-PID-010:Meas2_Name;HBL-010Crm:SC-PID-010:FeedbackName2
HBL-010Crm:SC-PID-010:Meas3_Name;HBL-010Crm:SC-PID-010:FeedbackName3
HBL-010Crm:SC-PID-011:Meas1_Name;HBL-010Crm:SC-PID-011:FeedbackName1
HBL-010Crm:SC-PID-011:Meas2_Name;HBL-010Crm:SC-PID-011:FeedbackName2
HBL-010Crm:SC-PID-011:Meas3_Name;HBL-010Crm:SC-PID-011:FeedbackName3
HBL-010Crm:SC-PID-012:Meas1_Name;HBL-010Crm:SC-PID-012:FeedbackName1
HBL-010Crm:SC-PID-012:Meas2_Name;HBL-010Crm:SC-PID-012:FeedbackName2
HBL-010Crm:SC-PID-012:Meas3_Name;HBL-010Crm:SC-PID-012:FeedbackName3
HBL-010Crm:SC-PID-013:Meas1_Name;HBL-010Crm:SC-PID-013:FeedbackName1
HBL-010Crm:SC-PID-013:Meas2_Name;HBL-010Crm:SC-PID-013:FeedbackName2
HBL-010Crm:SC-PID-013:Meas3_Name;HBL-010Crm:SC-PID-013:FeedbackName3
HBL-010Crm:SC-PID-020:Meas1_Name;HBL-010Crm:SC-PID-020:FeedbackName1
HBL-010Crm:SC-PID-020:Meas2_Name;HBL-010Crm:SC-PID-020:FeedbackName2
HBL-010Crm:SC-PID-020:Meas3_Name;HBL-010Crm:SC-PID-020:FeedbackName3
HBL-010Crm:SC-PID-021:Meas1_Name;HBL-010Crm:SC-PID-021:FeedbackName1
HBL-010Crm:SC-PID-021:Meas2_Name;HBL-010Crm:SC-PID-021:FeedbackName2
HBL-010Crm:SC-PID-021:Meas3_Name;HBL-010Crm:SC-PID-021:FeedbackName3
HBL-010Crm:SC-PID-022:Meas1_Name;HBL-010Crm:SC-PID-022:FeedbackName1
HBL-010Crm:SC-PID-022:Meas2_Name;HBL-010Crm:SC-PID-022:FeedbackName2
HBL-010Crm:SC-PID-022:Meas3_Name;HBL-010Crm:SC-PID-022:FeedbackName3
HBL-010Crm:SC-PID-023:Meas1_Name;HBL-010Crm:SC-PID-023:FeedbackName1
HBL-010Crm:SC-PID-023:Meas2_Name;HBL-010Crm:SC-PID-023:FeedbackName2
HBL-010Crm:SC-PID-023:Meas3_Name;HBL-010Crm:SC-PID-023:FeedbackName3
HBL-010Crm:SC-PID-030:Meas1_Name;HBL-010Crm:SC-PID-030:FeedbackName1
HBL-010Crm:SC-PID-030:Meas2_Name;HBL-010Crm:SC-PID-030:FeedbackName2
HBL-010Crm:SC-PID-030:Meas3_Name;HBL-010Crm:SC-PID-030:FeedbackName3
HBL-010Crm:SC-PID-031:Meas1_Name;HBL-010Crm:SC-PID-031:FeedbackName1
HBL-010Crm:SC-PID-031:Meas2_Name;HBL-010Crm:SC-PID-031:FeedbackName2
HBL-010Crm:SC-PID-031:Meas3_Name;HBL-010Crm:SC-PID-031:FeedbackName3
HBL-010Crm:SC-PID-032:Meas1_Name;HBL-010Crm:SC-PID-032:FeedbackName1
HBL-010Crm:SC-PID-032:Meas2_Name;HBL-010Crm:SC-PID-032:FeedbackName2
HBL-010Crm:SC-PID-032:Meas3_Name;HBL-010Crm:SC-PID-032:FeedbackName3
HBL-010Crm:SC-PID-033:Meas1_Name;HBL-010Crm:SC-PID-033:FeedbackName1
HBL-010Crm:SC-PID-033:Meas2_Name;HBL-010Crm:SC-PID-033:FeedbackName2
HBL-010Crm:SC-PID-033:Meas3_Name;HBL-010Crm:SC-PID-033:FeedbackName3
HBL-010Crm:SC-PID-040:Meas1_Name;HBL-010Crm:SC-PID-040:FeedbackName1
HBL-010Crm:SC-PID-040:Meas2_Name;HBL-010Crm:SC-PID-040:FeedbackName2
HBL-010Crm:SC-PID-040:Meas3_Name;HBL-010Crm:SC-PID-040:FeedbackName3
HBL-010Crm:SC-PID-041:Meas1_Name;HBL-010Crm:SC-PID-041:FeedbackName1
HBL-010Crm:SC-PID-041:Meas2_Name;HBL-010Crm:SC-PID-041:FeedbackName2
HBL-010Crm:SC-PID-041:Meas3_Name;HBL-010Crm:SC-PID-041:FeedbackName3
HBL-010Crm:SC-PID-042:Meas1_Name;HBL-010Crm:SC-PID-042:FeedbackName1
HBL-010Crm:SC-PID-042:Meas2_Name;HBL-010Crm:SC-PID-042:FeedbackName2
HBL-010Crm:SC-PID-042:Meas3_Name;HBL-010Crm:SC-PID-042:FeedbackName3
HBL-010Crm:SC-PID-043:Meas1_Name;HBL-010Crm:SC-PID-043:FeedbackName1
HBL-010Crm:SC-PID-043:Meas2_Name;HBL-010Crm:SC-PID-043:FeedbackName2
HBL-010Crm:SC-PID-043:Meas3_Name;HBL-010Crm:SC-PID-043:FeedbackName3
HBL-010CDL:Cryo-GS-82360:OpMode_Forced;Delete
HBL-010CDL:Cryo-GS-82360:Solenoid;Delete
HBL-010CDL:Cryo-GS-82360:StartInterlock;Delete
HBL-010CDL:Cryo-GS-82360:StopInterlock;Delete
HBL-010CDL:Cryo-GS-82360:Opening_TimeOut;Delete
HBL-010CDL:Cryo-GS-82360:Closing_TimeOut;Delete
HBL-010CDL:Cryo-GS-82360:IO_Error;Delete
HBL-010CDL:Cryo-GS-82360:StaPnR;Delete